"crash_unit_id","crash_record_id","crash_date","unit_no","unit_type","num_passengers","vehicle_id","cmrc_veh_i","make","model","lic_plate_state","vehicle_year","vehicle_defect","vehicle_type","vehicle_use","travel_direction","maneuver","towed_i","fire_i","occupant_cnt","exceed_speed_limit_i","towed_by","towed_to","area_00_i","area_01_i","area_02_i","area_03_i","area_04_i","area_05_i","area_06_i","area_07_i","area_08_i","area_09_i","area_10_i","area_11_i","area_12_i","area_99_i","first_contact_point","cmv_id","usdot_no","ccmc_no","ilcc_no","commercial_src","gvwr","carrier_name","carrier_state","carrier_city","hazmat_placards_i","hazmat_name","un_no","hazmat_present_i","hazmat_report_i","hazmat_report_no","mcs_report_i","mcs_report_no","hazmat_vio_cause_crash_i","mcs_vio_cause_crash_i","idot_permit_no","wide_load_i","trailer1_width","trailer2_width","trailer1_length","trailer2_length","total_vehicle_length","axle_cnt","vehicle_config","cargo_body_type","load_type","hazmat_out_of_service_i","mcs_out_of_service_i","hazmat_class"
"1835647","2749da22c5cb91ec76a481fda003f06cdb3e3345061f5c0db164458e2ddaa51f283eb3651bbaca45d954d457dfadf19a2d6da89195e7061d9a194c80007428db","2024-06-05T18:20:00.000","1","DRIVER",,"1748570",,"KIA","OPTIMA / K5","IL","2009","UNKNOWN","PASSENGER","PERSONAL","W","STRAIGHT AHEAD",,,"1",,,,,,,,,,,,"Y","Y","Y","Y",,,"FRONT-LEFT-CORNER",,,,,,,,,,,,,,,,,,,,,,,,,,,,,,,,,
"1835648","2749da22c5cb91ec76a481fda003f06cdb3e3345061f5c0db164458e2ddaa51f283eb3651bbaca45d954d457dfadf19a2d6da89195e7061d9a194c80007428db","2024-06-05T18:20:00.000","2","DRIVER",,"1748579",,"KIA","SORENTO","DE","2016","UNKNOWN","PASSENGER","PERSONAL","E","STRAIGHT AHEAD",,,"1",,,,,,,,,,,"Y","Y",,,,,,"REAR-LEFT-CORNER",,,,,,,,,,,,,,,,,,,,,,,,,,,,,,,,,
"1835662","a363fff0a2b74e808067ee842440060164b5009f32ffa58c141488e2c056fcce9ba7867ebf8fe594ed8ea00d17415f1f652a6d97ed8a4a1f07a418c1b78f3db6","2024-06-05T18:20:00.000","1","DRIVER",,"1748583",,"NISSAN","ROGUE","IL","2017","NONE","PASSENGER","PERSONAL","W","ENTERING TRAFFIC LANE FROM PARKING","Y",,"1",,"personal tow",,,,,,,,,,,,,"Y",,,"SIDE-LEFT",,,,,,,,,,,,,,,,,,,,,,,,,,,,,,,,,
"1835663","a363fff0a2b74e808067ee842440060164b5009f32ffa58c141488e2c056fcce9ba7867ebf8fe594ed8ea00d17415f1f652a6d97ed8a4a1f07a418c1b78f3db6","2024-06-05T18:20:00.000","2","DRIVER",,"1748598",,"BMW","X5","IL","2003","NONE","PASSENGER","PERSONAL","W","ENTERING TRAFFIC LANE FROM PARKING","Y",,"1",,"personal tow",,,"Y",,,,,,,,,,,,,"FRONT-RIGHT-CORNER",,,,,,,,,,,,,,,,,,,,,,,,,,,,,,,,,
"1835633","22428e7a27685c57c42e9f08c4106655f0ec2acbba01b179e4d3902585c325724d701737aafe700d6e550512eac111bde070e1b1c4f7f16033430ecaf93de73b","2024-06-05T18:18:00.000","1","DRIVER",,"1748557",,"AUDI","A4","IL","2018","NONE","PASSENGER","PERSONAL","SW","TURNING RIGHT",,,"1",,,,,,,,,,,,,,,"Y",,,"FRONT-LEFT-CORNER",,,,,,,,,,,,,,,,,,,,,,,,,,,,,,,,,
"1835634","22428e7a27685c57c42e9f08c4106655f0ec2acbba01b179e4d3902585c325724d701737aafe700d6e550512eac111bde070e1b1c4f7f16033430ecaf93de73b","2024-06-05T18:18:00.000","2","DRIVER",,"1748571",,"NEW FLYER","OTHER (EXPLAIN IN NARRATIVE)","IL","2006","NONE","BUS OVER 15 PASS.","CTA","SW","TURNING RIGHT",,,"1",,,,"Y",,,,,,,,,,,,,,"SIDE-RIGHT",,,,,,,,,,,,,,,,,,,,,,,,,,,,,,,,,
"1835621","13d6fcf160ad1e6623d121ad044ae28d6bb332f4cfbf851474b95d7008d13aa8262b5c9212a762b082920aa5a9e4c71c36008ed197a1fbd99cc88e19c9293407","2024-06-05T18:14:00.000","1","DRIVER",,"1748545",,"FORD","ESCAPE","IL","2002","NONE","PASSENGER","PERSONAL","S","LEAVING TRAFFIC LANE TO PARK",,,"1",,,,"Y",,,,,,,,,,,,,,"NONE",,,,,,,,,,,,,,,,,,,,,,,,,,,,,,,,,
"1835622","13d6fcf160ad1e6623d121ad044ae28d6bb332f4cfbf851474b95d7008d13aa8262b5c9212a762b082920aa5a9e4c71c36008ed197a1fbd99cc88e19c9293407","2024-06-05T18:14:00.000","2","BICYCLE",,,,,,,,,,,,,,,,,,,,,,,,,,,,,,,,,,,,,,,,,,,,,,,,,,,,,,,,,,,,,,,,,,
"1835581","0f6242521ddb3e6a46e086c9f8feb574bbd04ea669fd168eb5342cba514a8f599c091775ad81dc7eb2f70013b5c35edd1810da9c0cca50ad1b68a87b6bf6b316","2024-06-05T18:04:00.000","1","DRIVER",,"1748504",,"FORD","TRANSIT CONNECT","IL",,"NONE","PASSENGER","PERSONAL","W","TURNING RIGHT",,,"1",,,,,"Y","Y",,,,,,,,,,"Y",,"FRONT-RIGHT-CORNER",,,,,,,,,,,,,,,,,,,,,,,,,,,,,,,,,
"1835582","0f6242521ddb3e6a46e086c9f8feb574bbd04ea669fd168eb5342cba514a8f599c091775ad81dc7eb2f70013b5c35edd1810da9c0cca50ad1b68a87b6bf6b316","2024-06-05T18:04:00.000","2","DRIVER",,"1748521",,"HYUNDAI","SANTA FE","IL","2023","NONE","PASSENGER","PERSONAL","W","STRAIGHT AHEAD",,,"1",,,,,"N","N",,"Y","Y","Y",,,,,"N","N",,"FRONT",,,,,,,,,,,,,,,,,,,,,,,,,,,,,,,,,
"1835639","eacac485eea7c15f6d2b1ef076940fc42ad0f75cc95dc42712c56bdbae4ffca92a085f8e6a36b7379700cba026f48325ccb2afd51b4c1e3ab3840a8104f6589e","2024-06-05T18:00:00.000","1","DRIVER",,"1748573",,"ACURA","ZDX","IL","2011","UNKNOWN","SPORT UTILITY VEHICLE (SUV)","PERSONAL","E","STRAIGHT AHEAD","Y",,"1",,,,,"Y","Y",,,,,"Y",,,,"Y","Y",,"FRONT",,,,,,,,,,,,,,,,,,,,,,,,,,,,,,,,,
"1835640","eacac485eea7c15f6d2b1ef076940fc42ad0f75cc95dc42712c56bdbae4ffca92a085f8e6a36b7379700cba026f48325ccb2afd51b4c1e3ab3840a8104f6589e","2024-06-05T18:00:00.000","2","DRIVER","1","1748590",,"CADILLAC","CTS","IL","2008","UNKNOWN","PASSENGER","PERSONAL","S","TURNING LEFT","Y",,"2",,,,,"Y","Y","Y","Y","Y",,,,,"N","N",,,"SIDE-RIGHT-FRONT",,,,,,,,,,,,,,,,,,,,,,,,,,,,,,,,,
"1835611","ecddb10f5bebd566598c05fd45be3a0b1d7d0d492978599f0ce23308b2eb2d16a1b2c7f9db80deb373d0d736aa12d422296d8ccb5ee2e358a31e2f9d40700222","2024-06-05T18:00:00.000","1","DRIVER",,"1748538",,"AUDI","Q5",,"2016","UNKNOWN","PASSENGER","PERSONAL","S","STRAIGHT AHEAD",,,"1",,,,,"Y",,,,,,,,,,"Y","Y",,"FRONT",,,,,,,,,,,,,,,,,,,,,,,,,,,,,,,,,
"1835612","ecddb10f5bebd566598c05fd45be3a0b1d7d0d492978599f0ce23308b2eb2d16a1b2c7f9db80deb373d0d736aa12d422296d8ccb5ee2e358a31e2f9d40700222","2024-06-05T18:00:00.000","2","DRIVER",,"1748546",,"HONDA","CIVIC","IL","2004","NONE","PASSENGER","PERSONAL","S","SLOW/STOP IN TRAFFIC",,,"1",,,,,,,,,"Y","Y","Y",,,,,,,"REAR",,,,,,,,,,,,,,,,,,,,,,,,,,,,,,,,,
"1835561","06db94feec9341a06a071f3ddea13deaf58ef52015bc2dabf866294d950dae7a0390d66ef6d69acbf5244cc360ba122b233cecc613d80a138689fc4ab61739f3","2024-06-05T17:48:00.000","1","DRIVER",,"1748484",,"SUBARU","CROSSTREK","IL","2023","NONE","PASSENGER","PERSONAL","S","TURNING LEFT",,,"1",,,,,"Y",,,,,,,,,,,,,"FRONT-RIGHT-CORNER",,,,,,,,,,,,,,,,,,,,,,,,,,,,,,,,,
"1835562","06db94feec9341a06a071f3ddea13deaf58ef52015bc2dabf866294d950dae7a0390d66ef6d69acbf5244cc360ba122b233cecc613d80a138689fc4ab61739f3","2024-06-05T17:48:00.000","2","DRIVER",,"1748487",,"TOYOTA","COROLLA","IL","2008","NONE","PASSENGER","PERSONAL","N","STRAIGHT AHEAD",,,"1",,,,,,,"Y","Y","Y",,,,,,,,,"SIDE-RIGHT",,,,,,,,,,,,,,,,,,,,,,,,,,,,,,,,,
"1835553","dad531ff8a4273b135fd538c25b49efd2b84d1971013346c5216baeb73bb9f4219d6ff174cf17a968956d0ce14cae441de49962d066fae55df5f45953d069d16","2024-06-05T17:36:00.000","1","DRIVER",,"1748479",,"HONDA","CR-V","IL","2021","UNKNOWN","PASSENGER","PERSONAL","S","TURNING RIGHT",,,"1",,,,,"Y","Y","Y","Y","Y",,,,,,,,,"SIDE-RIGHT",,,,,,,,,,,,,,,,,,,,,,,,,,,,,,,,,
"1835554","dad531ff8a4273b135fd538c25b49efd2b84d1971013346c5216baeb73bb9f4219d6ff174cf17a968956d0ce14cae441de49962d066fae55df5f45953d069d16","2024-06-05T17:36:00.000","2","PARKED",,"1748489",,"NOVA BUS","OTHER (EXPLAIN IN NARRATIVE)","IL","2023","UNKNOWN","BUS OVER 15 PASS.","CTA","S","PARKED",,,"0",,,,,,,,,,,,,,"Y","Y",,,"FRONT-LEFT-CORNER",,,,,,,,,,,,,,,,,,,,,,,,,,,,,,,,,
"1835759","6544145da4e21678375f0e69455c5934a2a8e0e03096386e620bb79f003ed30290215053d467613dc6b297f9232e91bf54903069d7974549ba4118a22a28d4b8","2024-06-05T17:35:00.000","1","DRIVER",,"1748683",,"UNKNOWN","OTHER (EXPLAIN IN NARRATIVE)","IL",,"UNKNOWN","UNKNOWN/NA","UNKNOWN/NA","N","TURNING LEFT",,,"1",,,,,,,,,,,,,,"Y","Y",,,"SIDE-LEFT-FRONT",,,,,,,,,,,,,,,,,,,,,,,,,,,,,,,,,
"1835760","6544145da4e21678375f0e69455c5934a2a8e0e03096386e620bb79f003ed30290215053d467613dc6b297f9232e91bf54903069d7974549ba4118a22a28d4b8","2024-06-05T17:35:00.000","2","PARKED",,"1748684",,"AUDI","S5","IL","2019","NONE","PASSENGER","NOT IN USE","N","PARKED",,,"0",,,,,"Y","Y",,,,,,,,,,,,"FRONT-RIGHT-CORNER",,,,,,,,,,,,,,,,,,,,,,,,,,,,,,,,,
"1835547","36bb749e31cd467c189196e336581de0234ac020524689c17d3dc0a0a38da9a05c68021f206bb9a96fec6cf33ab592b62c41b61962a99bf77621864f3ae666bb","2024-06-05T17:30:00.000","1","DRIVER","1","1748465",,"BUICK","CENTURY","IL","2001","UNKNOWN","PASSENGER","PERSONAL","E","TURNING LEFT",,,"2",,,,,,,,,,,,,,,,"Y",,"FRONT",,,,,,,,,,,,,,,,,,,,,,,,,,,,,,,,,
"1835548","36bb749e31cd467c189196e336581de0234ac020524689c17d3dc0a0a38da9a05c68021f206bb9a96fec6cf33ab592b62c41b61962a99bf77621864f3ae666bb","2024-06-05T17:30:00.000","2","DRIVER",,"1748475",,"JEEP","LIBERTY","VA","2012","UNKNOWN","PASSENGER","PERSONAL","E","STRAIGHT AHEAD",,,"1",,,,,,,,,,,,,,,,"Y",,"FRONT",,,,,,,,,,,,,,,,,,,,,,,,,,,,,,,,,
"1835545","a9ec136b4a223e9f7bd58965c41d8618da7d24f289074a4bb98f139ebf698b2c51520d75edcd897b06cb93e8f57d91849ab26f7312fba240025c3250ba602531","2024-06-05T17:30:00.000","1","DRIVER",,"1748460",,"HONDA","PILOT","IL","2008","UNKNOWN","PASSENGER","PERSONAL","E","ENTERING TRAFFIC LANE FROM PARKING",,,"1",,,,,,,,,,,,,,"Y","Y",,,"FRONT-LEFT-CORNER",,,,,,,,,,,,,,,,,,,,,,,,,,,,,,,,,
"1835546","a9ec136b4a223e9f7bd58965c41d8618da7d24f289074a4bb98f139ebf698b2c51520d75edcd897b06cb93e8f57d91849ab26f7312fba240025c3250ba602531","2024-06-05T17:30:00.000","2","DRIVER",,"1748466",,"KIA","SELTOS","IL","2023","NONE","PASSENGER","PERSONAL","E","STRAIGHT AHEAD",,,"1",,,,,,"Y","Y","Y",,,,,,,,,,"SIDE-RIGHT",,,,,,,,,,,,,,,,,,,,,,,,,,,,,,,,,
"1835613","f6cb3db9d69047ad799f0f678526196b9135206ae4ff74fc90b2863f33f13bd5ba5e2882ae4884169144ad28962e4ae024be83d104b17833298c07853f68d2a0","2024-06-05T17:30:00.000","1","DRIVER",,"1748543",,"JEEP","CHEROKEE","IL","2020","NONE","SPORT UTILITY VEHICLE (SUV)","PERSONAL","N","STRAIGHT AHEAD",,,"1",,,,,,,,,,,,,,,"Y",,,"FRONT-LEFT-CORNER",,,,,,,,,,,,,,,,,,,,,,,,,,,,,,,,,
"1835614","f6cb3db9d69047ad799f0f678526196b9135206ae4ff74fc90b2863f33f13bd5ba5e2882ae4884169144ad28962e4ae024be83d104b17833298c07853f68d2a0","2024-06-05T17:30:00.000","2","DRIVER",,"1748564",,"NISSAN","NV CARGO","IL","2022","NONE","VAN/MINI-VAN","LAWN CARE/LANDSCAPING","N","CHANGING LANES",,,"1",,,,,,,,,"Y",,,,,,,,,"REAR-RIGHT-CORNER",,,,,,,,,,,,,,,,,,,,,,,,,,,,,,,,,
"1835761","fba108238d705a4154a18fa343e23babfc601a0cbb52f71ee2d1290c47fc0e09ca7f5623b0e1c11b21e2028817b2f2b66366d665ce3b05b9c6bf289f436ec5aa","2024-06-05T17:30:00.000","1","DRIVER",,"1748682",,"ACURA","TLX","IL","2004","NONE","PASSENGER","PERSONAL","W","STRAIGHT AHEAD",,,"1",,,,,,,,,,,,,,,,"Y",,"FRONT",,,,,,,,,,,,,,,,,,,,,,,,,,,,,,,,,
"1835762","fba108238d705a4154a18fa343e23babfc601a0cbb52f71ee2d1290c47fc0e09ca7f5623b0e1c11b21e2028817b2f2b66366d665ce3b05b9c6bf289f436ec5aa","2024-06-05T17:30:00.000","2","DRIVER",,"1748681",,"HONDA","FIT","IL","2007","NONE","PASSENGER","PERSONAL","S","STRAIGHT AHEAD",,,"1",,,,,,,,,,,,,,,"Y",,,"FRONT-LEFT-CORNER",,,,,,,,,,,,,,,,,,,,,,,,,,,,,,,,,
"1835625","cd5d2a6ec2c069327731d73a38a37b1f5fd429e8913553e7a05831f8245779451a4b7bb8b9ce6ad3d2673bc287f085817e6d9f706bae3cb5ca0134aaadba4bff","2024-06-05T17:26:00.000","1","DRIVER","5","1748547",,"GENERAL MOTORS CORPORATION (GMC)","YUKON","IL","2019","UNKNOWN","PASSENGER","PERSONAL","W","TURNING LEFT",,,"6",,,,"Y",,,,,,,,,,,,,,"NONE",,,,,,,,,,,,,,,,,,,,,,,,,,,,,,,,,
"1835626","cd5d2a6ec2c069327731d73a38a37b1f5fd429e8913553e7a05831f8245779451a4b7bb8b9ce6ad3d2673bc287f085817e6d9f706bae3cb5ca0134aaadba4bff","2024-06-05T17:26:00.000","2","PEDESTRIAN",,,,,,,,,,,,,,,,,,,,,,,,,,,,,,,,,,,,,,,,,,,,,,,,,,,,,,,,,,,,,,,,,,
"1835601","dcfeb358c0ba81f46c38a1e0de3d78320e6c6f3190263cc0ba1ed970362b318b5807df996baa6417948ea97d89dc2fc7cbba7bc49eeb238eecfb29c4e8d55f37","2024-06-05T17:25:00.000","1","DRIVER",,"1748532",,"SUBARU","CROSSTREK","IL","2023","NONE","PASSENGER","PERSONAL","W","TURNING LEFT",,,"1",,,,,"Y","Y",,,,,,,,"N","N","Y",,"FRONT-RIGHT-CORNER",,,,,,,,,,,,,,,,,,,,,,,,,,,,,,,,,
"1835602","dcfeb358c0ba81f46c38a1e0de3d78320e6c6f3190263cc0ba1ed970362b318b5807df996baa6417948ea97d89dc2fc7cbba7bc49eeb238eecfb29c4e8d55f37","2024-06-05T17:25:00.000","2","DRIVER",,"1748539",,"ACURA","ZDX","IL","2017","NONE","SPORT UTILITY VEHICLE (SUV)","PERSONAL","S","STRAIGHT AHEAD",,,"1",,,,,,,,,,,,,,"Y","Y","Y",,"FRONT-LEFT-CORNER",,,,,,,,,,,,,,,,,,,,,,,,,,,,,,,,,
"1835583","75eabf008c678dac5e815241ff77e4b61da4f5dd9272b9522e142b10e089ba9eae7450f6277a49b7149f4834a174db161b6a6940de76fc6e82a47dd9964c2ee5","2024-06-05T17:20:00.000","1","DRIVER",,"1748508",,"NISSAN","ALTIMA","IL","2014","NONE","PASSENGER","PERSONAL","S","STRAIGHT AHEAD",,,"1",,,,,,"Y","Y",,,,,,,,,,,"SIDE-RIGHT",,,,,,,,,,,,,,,,,,,,,,,,,,,,,,,,,
"1835584","75eabf008c678dac5e815241ff77e4b61da4f5dd9272b9522e142b10e089ba9eae7450f6277a49b7149f4834a174db161b6a6940de76fc6e82a47dd9964c2ee5","2024-06-05T17:20:00.000","2","DRIVER","1","1748515",,"TOYOTA","COROLLA","IL","2013","NONE","PASSENGER","PERSONAL","E","STRAIGHT AHEAD",,,"2",,,,,,,,,,,,,,,,"Y",,"FRONT",,,,,,,,,,,,,,,,,,,,,,,,,,,,,,,,,
"1835585","9548159dd6e0007f1fae8e5362e39eb0017db9b87ea0104708c945c22a3cb35d11993eee6c9595a8a076ce3b27c62e4da966dce6212c067b87e669df42e2593a","2024-06-05T17:17:00.000","1","DRIVER","2","1748513",,"FORD","FUSION","IL",,"NONE","PASSENGER","PERSONAL","S","PASSING/OVERTAKING",,,"3",,,,,,,,,,,,,,"Y",,,,"SIDE-LEFT",,,,,,,,,,,,,,,,,,,,,,,,,,,,,,,,,
"1835586","9548159dd6e0007f1fae8e5362e39eb0017db9b87ea0104708c945c22a3cb35d11993eee6c9595a8a076ce3b27c62e4da966dce6212c067b87e669df42e2593a","2024-06-05T17:17:00.000","2","DRIVER",,"1748509",,"FORD","FUSION","IL","2010","NONE","PASSENGER","POLICE","S","STRAIGHT AHEAD",,,"1",,,,,"N","Y",,,,,,,,,,,,"SIDE-RIGHT",,,,,,,,,,,,,,,,,,,,,,,,,,,,,,,,,
"1835645","e47504325e4a95419d17e487b038d4223752ed035d8258ee41ad88e299c69cc961634b57a6a1eab6d3c6e80d35e7e69071c93d4cc28b0b55028940a23538c70d","2024-06-05T17:15:00.000","2","DRIVER",,"1748562",,"TOYOTA","ECHO","IL",,"UNKNOWN","PASSENGER","PERSONAL","W","STRAIGHT AHEAD",,,"1",,,,,,,,,,,,,,,,,,"FRONT-LEFT-CORNER",,,,,,,,,,,,,,,,,,,,,,,,,,,,,,,,,
"1835646","e47504325e4a95419d17e487b038d4223752ed035d8258ee41ad88e299c69cc961634b57a6a1eab6d3c6e80d35e7e69071c93d4cc28b0b55028940a23538c70d","2024-06-05T17:15:00.000","1","DRIVER",,"1748563",,"INFINITI","QX30",,"2017","NONE","PASSENGER","PERSONAL","W","STRAIGHT AHEAD",,,"1",,,,,,,,,,,,,,,,,,"SIDE-RIGHT-FRONT",,,,,,,,,,,,,,,,,,,,,,,,,,,,,,,,,
"1835623","831c3a1c2382a13d84f85c342844fa8251edf56b04131c3ab821757bfa96ad68545b9986fe06dd5b0605e818b09269a31c11e4d02e146341785ce988a194912f","2024-06-05T17:11:00.000","1","DRIVER",,"1748555",,"ACURA","ZDX","IL","2020","NONE","PASSENGER","PERSONAL","NE","TURNING LEFT",,,"1",,,,,"Y","Y",,,,,,,,,,"Y",,"FRONT-RIGHT-CORNER",,,,,,,,,,,,,,,,,,,,,,,,,,,,,,,,,
"1835624","831c3a1c2382a13d84f85c342844fa8251edf56b04131c3ab821757bfa96ad68545b9986fe06dd5b0605e818b09269a31c11e4d02e146341785ce988a194912f","2024-06-05T17:11:00.000","2","DRIVER",,"1748568",,"CHEVROLET","TAHOE","IL","2019","NONE","PASSENGER","OTHER","N","STRAIGHT AHEAD",,,"1",,,,,,,,,,,,,,"Y","Y",,,"FRONT-LEFT-CORNER",,,,,,,,,,,,,,,,,,,,,,,,,,,,,,,,,
"1835531","5c090ccff3b45cd9c64bc6c6e9361e33a62631126dbdd919de0eebf7b7c83098e5fab8abcda351a48c8e99e555f5417a8303ad0abe0d6e3faabfdee6d134497a","2024-06-05T17:10:00.000","1","DRIVER",,"1748463",,"HONDA","HR-V","IL","2019","UNKNOWN","SPORT UTILITY VEHICLE (SUV)","PERSONAL","E","TURNING RIGHT",,,"1",,,,,,,,,,,,,,,,"Y",,"FRONT",,,,,,,,,,,,,,,,,,,,,,,,,,,,,,,,,
"1835532","5c090ccff3b45cd9c64bc6c6e9361e33a62631126dbdd919de0eebf7b7c83098e5fab8abcda351a48c8e99e555f5417a8303ad0abe0d6e3faabfdee6d134497a","2024-06-05T17:10:00.000","2","DRIVER",,"1748471",,"MERCEDES-BENZ","S500","IL","2022","UNKNOWN","PASSENGER","PERSONAL","S","STRAIGHT AHEAD","Y",,"1",,"self insurance","pendning",,"Y",,,,,,,,,,,"Y",,"FRONT-RIGHT-CORNER",,,,,,,,,,,,,,,,,,,,,,,,,,,,,,,,,
"1835533","c18fa490b66b77338ff0bb0a7382c2f501a87ef29f485571929be05848abe162a8de2a7cf94a738bca33c4f56022ffa6995f19c28d2bf26689ce4f92c2632eee","2024-06-05T17:09:00.000","1","DRIVER",,"1748462",,"CHEVROLET","TRAX","GA","2017","NONE","PASSENGER","PERSONAL","SE","STRAIGHT AHEAD","Y",,"1",,"private",,,"Y",,,,,,,,,"Y","Y","Y",,"FRONT",,,,,,,,,,,,,,,,,,,,,,,,,,,,,,,,,
"1835534","c18fa490b66b77338ff0bb0a7382c2f501a87ef29f485571929be05848abe162a8de2a7cf94a738bca33c4f56022ffa6995f19c28d2bf26689ce4f92c2632eee","2024-06-05T17:09:00.000","2","DRIVER",,"1748480",,"GENERAL MOTORS CORPORATION (GMC)","SIERRA","IL","2012","NONE","PICKUP","PERSONAL","SE","SLOW/STOP IN TRAFFIC",,,"1",,,,,"Y",,,,"Y","Y","Y",,,,"Y","Y",,"REAR",,,,,,,,,,,,,,,,,,,,,,,,,,,,,,,,,
"1835535","c18fa490b66b77338ff0bb0a7382c2f501a87ef29f485571929be05848abe162a8de2a7cf94a738bca33c4f56022ffa6995f19c28d2bf26689ce4f92c2632eee","2024-06-05T17:09:00.000","3","DRIVER",,"1748486",,"BMW","X3","IL","2005","NONE","PASSENGER","PERSONAL","SE","SLOW/STOP IN TRAFFIC",,,"1",,,,,,,,,"Y","Y","Y",,,,,,,"REAR",,,,,,,,,,,,,,,,,,,,,,,,,,,,,,,,,
"1835507","cdf27fb52112311bd9722b7df9e6f8817a529658e3a342513ed8a22c8c20e091fdc306a7e78d047cedcad7fc86e3424f101520f1048f329c860191a3e3bb1161","2024-06-05T17:05:00.000","1","DRIVER",,"1748432",,"TOYOTA","COROLLA","IL","2005","NONE","PASSENGER","PERSONAL","E","UNKNOWN/NA",,,"1",,,,,,,,,,,,,,,,,,"FRONT",,,,,,,,,,,,,,,,,,,,,,,,,,,,,,,,,
"1835508","cdf27fb52112311bd9722b7df9e6f8817a529658e3a342513ed8a22c8c20e091fdc306a7e78d047cedcad7fc86e3424f101520f1048f329c860191a3e3bb1161","2024-06-05T17:05:00.000","2","PEDESTRIAN",,,,,,,,,,,,,,,,,,,,,,,,,,,,,,,,,,,,,,,,,,,,,,,,,,,,,,,,,,,,,,,,,,
"1835542","8f1ae465bfe3d7f131f46bd70baf90814fc031ade7e8ef585e11d0f048501944145b1224bde9a29d69ea5cdb3783686d0410ad4ff069058cc5821e57ce44ac90","2024-06-05T17:00:00.000","1","DRIVER",,"1748467",,"TOYOTA","4RUNNER","IL","1999","UNKNOWN","SPORT UTILITY VEHICLE (SUV)","PERSONAL","E","STRAIGHT AHEAD",,,"1",,,,,,,,,,,,,,,,"Y",,"FRONT",,,,,,,,,,,,,,,,,,,,,,,,,,,,,,,,,
"1835543","8f1ae465bfe3d7f131f46bd70baf90814fc031ade7e8ef585e11d0f048501944145b1224bde9a29d69ea5cdb3783686d0410ad4ff069058cc5821e57ce44ac90","2024-06-05T17:00:00.000","2","DRIVER",,"1748482",,"MAZDA","CX-5","IL","2018","UNKNOWN","SPORT UTILITY VEHICLE (SUV)","PERSONAL","E","SLOW/STOP IN TRAFFIC","Y",,"1",,"UNK","UNK",,,,,,,"Y",,,,,,"Y",,"REAR",,,,,,,,,,,,,,,,,,,,,,,,,,,,,,,,,
"1835544","8f1ae465bfe3d7f131f46bd70baf90814fc031ade7e8ef585e11d0f048501944145b1224bde9a29d69ea5cdb3783686d0410ad4ff069058cc5821e57ce44ac90","2024-06-05T17:00:00.000","3","DRIVER",,"1748494",,"LAND ROVER","RANGE ROVER (EVOQUE / SPORT / VELAR)","NH","2021","UNKNOWN","SPORT UTILITY VEHICLE (SUV)","PERSONAL","E","SLOW/STOP IN TRAFFIC",,,"1",,,,,,,,,,"Y",,,,,,,,"REAR",,,,,,,,,,,,,,,,,,,,,,,,,,,,,,,,,
"1835511","97ec97106af47ae0b3dbe5fd52fc474d2887986b2ba0dc069c1b919ab2919e7fea02ee2c025e7d48722d35b8c964133f62f69a9d9bd9ad2880abe043616645b3","2024-06-05T17:00:00.000","1","DRIVER","1","1748438",,"HONDA","CR-V","IL","2000","NONE","SPORT UTILITY VEHICLE (SUV)","PERSONAL","E","STRAIGHT AHEAD",,,"2",,,,,,,,,,,,,,,,"Y",,"FRONT",,,,,,,,,,,,,,,,,,,,,,,,,,,,,,,,,
"1835512","97ec97106af47ae0b3dbe5fd52fc474d2887986b2ba0dc069c1b919ab2919e7fea02ee2c025e7d48722d35b8c964133f62f69a9d9bd9ad2880abe043616645b3","2024-06-05T17:00:00.000","2","DRIVER",,"1748459",,"BUICK","VERANO","IL","2014","NONE","PASSENGER","UNKNOWN/NA","E","SLOW/STOP IN TRAFFIC",,,"1",,,,,,,,,,"Y",,,,,,,,"REAR",,,,,,,,,,,,,,,,,,,,,,,,,,,,,,,,,
"1835573","c9ae67ed365987bc02d7818b9b541978c2478dcc856bf6eeae4ceb965110d41d49fbe32b24230373f245a0f7d2d2cfbaea3ad54262ee0c9ca930728f48784b1e","2024-06-05T17:00:00.000","1","DRIVER",,"1748496",,"HONDA","PILOT","IL","2008","NONE","SPORT UTILITY VEHICLE (SUV)","PERSONAL","S","MERGING",,,"1",,,,,,,,,,,,,,"Y","Y",,,"SIDE-LEFT-FRONT",,,,,,,,,,,,,,,,,,,,,,,,,,,,,,,,,
"1835574","c9ae67ed365987bc02d7818b9b541978c2478dcc856bf6eeae4ceb965110d41d49fbe32b24230373f245a0f7d2d2cfbaea3ad54262ee0c9ca930728f48784b1e","2024-06-05T17:00:00.000","2","DRIVER",,"1748505",,"MAZDA","CX-3","IL","2016","NONE","SPORT UTILITY VEHICLE (SUV)","PERSONAL","S","STRAIGHT AHEAD",,,"1",,,,,,"Y","Y",,,,,,,,,,,"SIDE-RIGHT",,,,,,,,,,,,,,,,,,,,,,,,,,,,,,,,,