"crash_unit_id","crash_record_id","crash_date","unit_no","unit_type","num_passengers","vehicle_id","cmrc_veh_i","make","model","lic_plate_state","vehicle_year","vehicle_defect","vehicle_type","vehicle_use","travel_direction","maneuver","towed_i","fire_i","occupant_cnt","exceed_speed_limit_i","towed_by","towed_to","area_00_i","area_01_i","area_02_i","area_03_i","area_04_i","area_05_i","area_06_i","area_07_i","area_08_i","area_09_i","area_10_i","area_11_i","area_12_i","area_99_i","first_contact_point","cmv_id","usdot_no","ccmc_no","ilcc_no","commercial_src","gvwr","carrier_name","carrier_state","carrier_city","hazmat_placards_i","hazmat_name","un_no","hazmat_present_i","hazmat_report_i","hazmat_report_no","mcs_report_i","mcs_report_no","hazmat_vio_cause_crash_i","mcs_vio_cause_crash_i","idot_permit_no","wide_load_i","trailer1_width","trailer2_width","trailer1_length","trailer2_length","total_vehicle_length","axle_cnt","vehicle_config","cargo_body_type","load_type","hazmat_out_of_service_i","mcs_out_of_service_i","hazmat_class"
"1835549","fe61653fceaa473eff3a4c35e7ac7cf936a0e371087c6bfdeb4440fb72e58f88bb7fbde0ef3237c1528843ac4dbd00f24be89abb3eb7e404414b56cbfb06fe30","2024-06-05T17:00:00.000","1","DRIVER",,"1748469",,"NISSAN","SENTRA","IL","2019","UNKNOWN","PASSENGER","UNKNOWN/NA","S","BACKING",,,"1",,,,,,,,,,,,,,,,,"Y","REAR",,,,,,,,,,,,,,,,,,,,,,,,,,,,,,,,,
"1835550","fe61653fceaa473eff3a4c35e7ac7cf936a0e371087c6bfdeb4440fb72e58f88bb7fbde0ef3237c1528843ac4dbd00f24be89abb3eb7e404414b56cbfb06fe30","2024-06-05T17:00:00.000","2","DRIVER",,"1748472",,"TESLA","MODEL 3","IL","2022","UNKNOWN","PASSENGER","PERSONAL","NE","STRAIGHT AHEAD",,,"1",,,,,,,,,,,,,,,"Y",,,"FRONT-LEFT-CORNER",,,,,,,,,,,,,,,,,,,,,,,,,,,,,,,,,
"1835747","146ee11093b1d70307ad0a86ccfc60edc81c62161f4ac2420661bf42f6a5cc757003c268b1651969cbf9ad1b7edfa3a9690ecc3568da7f0a3b46c16103e7c2a3","2024-06-05T16:57:00.000","1","DRIVER",,"1748666",,"TOYOTA","CAMRY","IL","2012","NONE","PASSENGER","UNKNOWN/NA","N","STRAIGHT AHEAD",,,"1",,,,,,,,"Y","Y",,,,,,,,,"REAR-RIGHT-CORNER",,,,,,,,,,,,,,,,,,,,,,,,,,,,,,,,,
"1835748","146ee11093b1d70307ad0a86ccfc60edc81c62161f4ac2420661bf42f6a5cc757003c268b1651969cbf9ad1b7edfa3a9690ecc3568da7f0a3b46c16103e7c2a3","2024-06-05T16:57:00.000","2","DRIVER",,"1748672","N","LINCOLN","CONTINENTAL","IL","2020","NONE","PASSENGER","COMMERCIAL - SINGLE UNIT","N","STRAIGHT AHEAD",,,"1",,,,,,,,,,,,"Y","Y",,,,,"REAR-LEFT-CORNER",,,,,,,,,,,,,,,,,,,,,,,,,,,,,,,,,
"1835591","5237a609b13b550ebaf7f70efe06f93d5fe4810fef84380dfae5e5de895ed5679bc1bd168dea4ebb3b94d0954fe06ad094441fc77e4689e7afa36be9273ab17a","2024-06-05T16:50:00.000","1","DRIVER",,"1748527",,"TOYOTA","SIENNA","IL","2002","NONE","VAN/MINI-VAN","PERSONAL","E","STRAIGHT AHEAD",,,"1",,,,,,,,,,,,,,,,"Y",,"FRONT",,,,,,,,,,,,,,,,,,,,,,,,,,,,,,,,,
"1835592","5237a609b13b550ebaf7f70efe06f93d5fe4810fef84380dfae5e5de895ed5679bc1bd168dea4ebb3b94d0954fe06ad094441fc77e4689e7afa36be9273ab17a","2024-06-05T16:50:00.000","2","DRIVER",,"1748542",,"CHEVROLET","TRAIL BLAZER","IL","2021","NONE","SPORT UTILITY VEHICLE (SUV)","PERSONAL","E","SLOW/STOP IN TRAFFIC",,,"1",,,,,,,,,,"Y",,,,,,,,"REAR",,,,,,,,,,,,,,,,,,,,,,,,,,,,,,,,,
"1835519","e53f1f5a0fcd0287cc09c258241ea25d8d766a88fb4bcfbaa427fecbab17421ee30d8cd5afda0642e1bdb9ea5c7f21360e17a023cc2dc3b1b345c7bb333d684b","2024-06-05T16:45:00.000","1","DRIVER",,"1748446",,"TOYOTA","RAV4","IL","2008","NONE","PASSENGER","PERSONAL","N","STRAIGHT AHEAD",,,"1",,,,,,,,,"Y","Y","Y",,,,,,,"REAR",,,,,,,,,,,,,,,,,,,,,,,,,,,,,,,,,
"1835520","e53f1f5a0fcd0287cc09c258241ea25d8d766a88fb4bcfbaa427fecbab17421ee30d8cd5afda0642e1bdb9ea5c7f21360e17a023cc2dc3b1b345c7bb333d684b","2024-06-05T16:45:00.000","2","DRIVER","1","1748453",,"CHEVROLET","CORVETTE","IL","2021","NONE","PASSENGER","PERSONAL","N","STRAIGHT AHEAD",,,"2",,,,,"Y",,,,,,,,,,"Y","Y",,"FRONT",,,,,,,,,,,,,,,,,,,,,,,,,,,,,,,,,
"1835597","96b6f88b2c3ab1c141d8921d19df10089c833bec01f78213f12f5f715163a5739a6787500bc8b5c1b1b41e6673568bf2a1a3d3b277830d4b78cb71d924455624","2024-06-05T16:41:00.000","1","DRIVER","2","1748528",,"NISSAN","SENTRA","IL","2006","UNKNOWN","PASSENGER","PERSONAL","W","STRAIGHT AHEAD","Y",,"3",,"UNK","UNK",,,"Y","Y","Y","Y",,,,,,,,,"SIDE-RIGHT",,,,,,,,,,,,,,,,,,,,,,,,,,,,,,,,,
"1835598","96b6f88b2c3ab1c141d8921d19df10089c833bec01f78213f12f5f715163a5739a6787500bc8b5c1b1b41e6673568bf2a1a3d3b277830d4b78cb71d924455624","2024-06-05T16:41:00.000","2","DRIVER",,"1748552",,"JEEP","WRANGLER","IL","2016","NONE","PASSENGER","PERSONAL","S","STRAIGHT AHEAD",,,"1",,,,,"Y",,,,,,,,,,"Y","Y",,"FRONT",,,,,,,,,,,,,,,,,,,,,,,,,,,,,,,,,
"1835475","7685ec3769b1e367d91a5f59e1900db96874f40ad0ddd795a2813a79cf120b6a56afea8f5eaea3ae6746a54394d99fc408b447df70871634dc709ee0c01f1172","2024-06-05T16:40:00.000","1","DRIVER",,"1748399",,"DODGE","GRAND CARAVAN","IL","2015","NONE","VAN/MINI-VAN","PERSONAL","E","STRAIGHT AHEAD",,,"1",,,,,,,,,,,,,,,,"Y",,"FRONT",,,,,,,,,,,,,,,,,,,,,,,,,,,,,,,,,
"1835476","7685ec3769b1e367d91a5f59e1900db96874f40ad0ddd795a2813a79cf120b6a56afea8f5eaea3ae6746a54394d99fc408b447df70871634dc709ee0c01f1172","2024-06-05T16:40:00.000","2","DRIVER",,"1748404",,"HONDA","ODYSSEY","IL","2022","NONE","VAN/MINI-VAN","PERSONAL","E","STRAIGHT AHEAD",,,"1",,,,,,,,,,"Y",,,,,,,,"REAR",,,,,,,,,,,,,,,,,,,,,,,,,,,,,,,,,
"1835695","7c0ca4bbe9fdcbf959b75a3106261fc6da871bf368a49cc28d420b56bc633f2806f76fcf6b6507fab5510ad318181bcffd8311284dbe6968c87f1a11f78d5a9f","2024-06-05T16:38:00.000","1","DRIVER",,"1748614",,"TOYOTA","CAMRY","IL","2014","UNKNOWN","PASSENGER","PERSONAL","S","STRAIGHT AHEAD",,,"1",,,,,"Y","Y","Y","Y","Y",,,,,,,,,"SIDE-RIGHT",,,,,,,,,,,,,,,,,,,,,,,,,,,,,,,,,
"1835696","7c0ca4bbe9fdcbf959b75a3106261fc6da871bf368a49cc28d420b56bc633f2806f76fcf6b6507fab5510ad318181bcffd8311284dbe6968c87f1a11f78d5a9f","2024-06-05T16:38:00.000","2","DRIVER",,"1748623",,"TOYOTA","PRIUS","IL","2013","NONE","PASSENGER","PERSONAL","S","STRAIGHT AHEAD",,,"1",,,,,,,,,,,"Y","Y","Y","Y",,,,"SIDE-LEFT",,,,,,,,,,,,,,,,,,,,,,,,,,,,,,,,,
"1835479","e892759ddae5738f3df34968dea8bbf79d90d90158f3610fc1a90e2c7e0fc62f0816c84391d45d58234e2be22ab1635e6af1a1a047ae9d545363ebeae8d1c052","2024-06-05T16:35:00.000","1","DRIVER",,"1748400",,"BMW","OTHER (EXPLAIN IN NARRATIVE)","IL","2015","UNKNOWN","UNKNOWN/NA","UNKNOWN/NA","W","PASSING/OVERTAKING",,,"1",,,,,,,,,,,,,,,,,,"FRONT-RIGHT-CORNER",,,,,,,,,,,,,,,,,,,,,,,,,,,,,,,,,
"1835480","e892759ddae5738f3df34968dea8bbf79d90d90158f3610fc1a90e2c7e0fc62f0816c84391d45d58234e2be22ab1635e6af1a1a047ae9d545363ebeae8d1c052","2024-06-05T16:35:00.000","2","DRIVER",,"1748409",,"ACURA","ZDX","IL","2018","NONE","PASSENGER","PERSONAL","W","STRAIGHT AHEAD",,,"1",,,,,,,,,,,,,,,,,,"FRONT-LEFT-CORNER",,,,,,,,,,,,,,,,,,,,,,,,,,,,,,,,,
"1835523","8ec415571a72fdbe10426ca855897728f0dbd50688f1eb61a1e761bc9a081cf9f31fc6154a0b87bf9a8dee8190454ea05da2ab70eb957a95ca0cc337297801f9","2024-06-05T16:34:00.000","1","DRIVER",,"1748452",,"CHEVROLET","SILVERADO","IL","2019","NONE","PICKUP","PERSONAL","E","STRAIGHT AHEAD",,,"1",,,,,"Y",,,,,,,,,,"Y","Y",,"FRONT",,,,,,,,,,,,,,,,,,,,,,,,,,,,,,,,,
"1835524","8ec415571a72fdbe10426ca855897728f0dbd50688f1eb61a1e761bc9a081cf9f31fc6154a0b87bf9a8dee8190454ea05da2ab70eb957a95ca0cc337297801f9","2024-06-05T16:34:00.000","2","DRIVER",,"1748461",,"NISSAN","ALTIMA","IL","2012","NONE","PASSENGER","PERSONAL","E","STRAIGHT AHEAD",,,"1",,,,,,,,,"Y","Y","Y",,,,,,,"REAR",,,,,,,,,,,,,,,,,,,,,,,,,,,,,,,,,
"1835477","952281cae6830f5a41592c2619a6f924c7c708ca2335ac2156528d5def96bfd7648cec8a1371bfabf85c9744f4762a9dbb98e1118def1172a3ea048829b7b53a","2024-06-05T16:31:00.000","1","DRIVER",,"1748403",,"NISSAN","SENTRA","IL","2016","NONE","PASSENGER","PERSONAL","E","STRAIGHT AHEAD",,,"1",,,,,,,,,,,"Y",,,,,,,"REAR-LEFT-CORNER",,,,,,,,,,,,,,,,,,,,,,,,,,,,,,,,,
"1835478","952281cae6830f5a41592c2619a6f924c7c708ca2335ac2156528d5def96bfd7648cec8a1371bfabf85c9744f4762a9dbb98e1118def1172a3ea048829b7b53a","2024-06-05T16:31:00.000","2","DRIVER",,"1748422",,"NOVA BUS","OTHER (EXPLAIN IN NARRATIVE)",,"2015","NONE","BUS OVER 15 PASS.","CTA","E","STRAIGHT AHEAD",,,"1",,,,,"Y",,,,,,,,,,,,,"FRONT-RIGHT-CORNER",,,,,,,,,,,,,,,,,,,,,,,,,,,,,,,,,
"1835567","2742a25497172e4497e0b5611ff41e82b78e5e85472847a94a6efdf3d76e8ca1bb6c031fa5376b8a2526158d58b43fbe267e38b94fd4c4865a2bc1a2203012f2","2024-06-05T16:30:00.000","1","DRIVER",,"1748516",,"FORD","ESCAPE","IL","2018","NONE","TRUCK - SINGLE UNIT","PERSONAL","N","PASSING/OVERTAKING","Y",,"1",,"cpd","pound 6",,,,,,,,,,,,,,,"SIDE-LEFT",,,,,,,,,,,,,,,,,,,,,,,,,,,,,,,,,
"1835568","2742a25497172e4497e0b5611ff41e82b78e5e85472847a94a6efdf3d76e8ca1bb6c031fa5376b8a2526158d58b43fbe267e38b94fd4c4865a2bc1a2203012f2","2024-06-05T16:30:00.000","2","DRIVER",,"1748550",,"HONDA","CR-V","IL","2017","UNKNOWN","PASSENGER","PERSONAL","W","STRAIGHT AHEAD","Y",,"1",,"PRIVATE TOW",,,"Y",,,,,,,,,,"Y","Y",,"FRONT",,,,,,,,,,,,,,,,,,,,,,,,,,,,,,,,,
"1835551","2a5445756b0882a29ffc06ebb34388fd0b4bc4018be51b50735313b010961e92440114679dac2b6d7442dea3936e8d4c28385b346fe71c621643ba1f9623d5fd","2024-06-05T16:30:00.000","1","DRIVER",,"1748470",,"FLEETWOOD ENTERPRISES, INC.","FLEETWOOD ENTERPRISES, INC.","IL",,"NONE","PASSENGER","PERSONAL","UNKNOWN","MERGING",,,"1",,,,,,,,,,,,,,"Y","Y",,,"FRONT-RIGHT-CORNER",,,,,,,,,,,,,,,,,,,,,,,,,,,,,,,,,
"1835552","2a5445756b0882a29ffc06ebb34388fd0b4bc4018be51b50735313b010961e92440114679dac2b6d7442dea3936e8d4c28385b346fe71c621643ba1f9623d5fd","2024-06-05T16:30:00.000","2","DRIVER",,"1748474",,"CHEVROLET","SUBURBAN","IL","2007","NONE","PASSENGER","PERSONAL","UNKNOWN","STRAIGHT AHEAD",,,"1",,,,,,,,"Y","Y",,,,,,,,,"SIDE-RIGHT-REAR",,,,,,,,,,,,,,,,,,,,,,,,,,,,,,,,,
"1835653","7d4fcd48971be91da6a7fa1c9fa8ba7a7f300793c184188ef7b43dc9c3e4395552f81d41ce2049d2319d44b3d61d4f692591191b2b4bf2d86e78ca216780315f","2024-06-05T16:30:00.000","1","DRIVER",,"1748578",,"NISSAN","ROGUE","IL","2008","NONE","PASSENGER","PERSONAL","E","U-TURN",,,"1",,,,,"Y","Y","Y","Y","Y",,,,"N","N","N",,,"SIDE-RIGHT",,,,,,,,,,,,,,,,,,,,,,,,,,,,,,,,,
"1835654","7d4fcd48971be91da6a7fa1c9fa8ba7a7f300793c184188ef7b43dc9c3e4395552f81d41ce2049d2319d44b3d61d4f692591191b2b4bf2d86e78ca216780315f","2024-06-05T16:30:00.000","2","PARKED",,"1748572",,"FORD","ESCAPE","IL","2017","NONE","PASSENGER","PERSONAL","E","PARKED",,,"0",,,,,,,,,,,"Y","Y","Y","Y","Y",,,"SIDE-LEFT",,,,,,,,,,,,,,,,,,,,,,,,,,,,,,,,,
"1835499","d81f2c3654d646865f1c0669f5c17ffc0232233e6d76ef4e144d14bf23e209a18086065f71507f48075abb4d56e820c7ae69e823cddfe8c488e7930fdebc6e84","2024-06-05T16:29:00.000","1","DRIVER","1","1748430",,"JEEP","GRAND CHEROKEE","IL","2011","NONE","SPORT UTILITY VEHICLE (SUV)","PERSONAL","SE","TURNING RIGHT",,,"2",,,,,,,,,,,,,,,"Y",,,"FRONT-LEFT-CORNER",,,,,,,,,,,,,,,,,,,,,,,,,,,,,,,,,
"1835500","d81f2c3654d646865f1c0669f5c17ffc0232233e6d76ef4e144d14bf23e209a18086065f71507f48075abb4d56e820c7ae69e823cddfe8c488e7930fdebc6e84","2024-06-05T16:29:00.000","2","DRIVER","1","1748443",,"AUDI","Q5","IL","2017","UNKNOWN","SPORT UTILITY VEHICLE (SUV)","PERSONAL","SE","BACKING",,,"2",,,,,,,,,"Y",,,,,,,,,"REAR-RIGHT-CORNER",,,,,,,,,,,,,,,,,,,,,,,,,,,,,,,,,
"1835509","3c20f4d05ae697f8c39b3f340d7c695b41d209cda36f5380b08f8453eaa2e52e4fcc93a3fd0235f9705e57721e9349fb56e16fde2fddc8638529fd2ac1dd66ee","2024-06-05T16:26:00.000","1","DRIVER",,"1748437",,"FORD","F150","IL","2017","UNKNOWN","PICKUP","PERSONAL","E","BACKING",,,"1",,,,,,,,,,,,,,,,,"Y","OTHER",,,,,,,,,,,,,,,,,,,,,,,,,,,,,,,,,
"1835510","3c20f4d05ae697f8c39b3f340d7c695b41d209cda36f5380b08f8453eaa2e52e4fcc93a3fd0235f9705e57721e9349fb56e16fde2fddc8638529fd2ac1dd66ee","2024-06-05T16:26:00.000","2","PARKED","2","1748441",,"TOYOTA","VENZA","IL","2013","UNKNOWN","PASSENGER","PERSONAL","E","PARKED",,,"2",,,,,,,,,,,,,,,,"Y",,"FRONT",,,,,,,,,,,,,,,,,,,,,,,,,,,,,,,,,
"1835451","b475ce8e859c9b8d9bb79da8bc8073f784d9f50a5b90e30acafffc227eeccd57c3c1e038752bb22ccc96e7f84e8235d74c10aad110acc61e191ea5575a06a777","2024-06-05T16:18:00.000","1","DRIVER",,"1748376",,"CHEVROLET","MALIBU","IL","2014","NONE","PASSENGER","PERSONAL","W","ENTERING TRAFFIC LANE FROM PARKING",,,"1",,,,,"Y",,,,,,,,,,,,"Y","FRONT-RIGHT-CORNER",,,,,,,,,,,,,,,,,,,,,,,,,,,,,,,,,
"1835452","b475ce8e859c9b8d9bb79da8bc8073f784d9f50a5b90e30acafffc227eeccd57c3c1e038752bb22ccc96e7f84e8235d74c10aad110acc61e191ea5575a06a777","2024-06-05T16:18:00.000","2","DRIVER",,"1748391",,"CHEVROLET","TRAVERSE","IL","2013","NONE","PASSENGER","PERSONAL","W","STRAIGHT AHEAD",,,"1",,,,,,,,,,,,,,"Y","Y",,"Y","FRONT-LEFT-CORNER",,,,,,,,,,,,,,,,,,,,,,,,,,,,,,,,,
"1835465","4c6fabc6783c252781f9c816be23ea4c441603897515833532e18ff81933f5b55fe855c0782b5c1dabc330d70e27b5981e523c6333ee1b9ec9d8b0afedcc939a","2024-06-05T16:10:00.000","1","DRIVER","3","1748395",,"UNKNOWN","OTHER (EXPLAIN IN NARRATIVE)","IL",,"NONE","OTHER","FIRE","S","TURNING LEFT",,,"4",,,,,,,,,,,"Y",,,,,,,"SIDE-LEFT-REAR",,,,,,,,,,,,,,,,,,,,,,,,,,,,,,,,,
"1835466","4c6fabc6783c252781f9c816be23ea4c441603897515833532e18ff81933f5b55fe855c0782b5c1dabc330d70e27b5981e523c6333ee1b9ec9d8b0afedcc939a","2024-06-05T16:10:00.000","2","PARKED",,"1748416",,"HONDA","PILOT","IL","2003","NONE","SPORT UTILITY VEHICLE (SUV)","PERSONAL","N","PARKED",,,"0",,,,,,,,,,,,,,"Y","Y",,,"SIDE-LEFT-FRONT",,,,,,,,,,,,,,,,,,,,,,,,,,,,,,,,,
"1835527","bbc31d13e5eda1dff2852d51c5ed422e4a20c2e47b6431a5286e7505eb732ccb301acc117f63999023e9931f991a4d6c9e1d39f43cfebebfe24494bc298a5833","2024-06-05T16:10:00.000","1","BICYCLE",,,,,,,,,,,,,,,,,,,,,,,,,,,,,,,,,,,,,,,,,,,,,,,,,,,,,,,,,,,,,,,,,,
"1835528","bbc31d13e5eda1dff2852d51c5ed422e4a20c2e47b6431a5286e7505eb732ccb301acc117f63999023e9931f991a4d6c9e1d39f43cfebebfe24494bc298a5833","2024-06-05T16:10:00.000","2","DRIVER",,"1748454",,"TOYOTA","COROLLA","IL","2015","NONE","PASSENGER","PERSONAL","W","STRAIGHT AHEAD",,,"1",,,,,,,,,,,,,,,"Y",,,"FRONT-LEFT-CORNER",,,,,,,,,,,,,,,,,,,,,,,,,,,,,,,,,
"1835471","ae5b13832e1ae01f87a11723f24274a25fc00965aaa3bac8429bff231b8832ef87bcb141d9af78e531ff7b8cd6f10f451ef82dd172dafe32d2b78fd28e0759d1","2024-06-05T16:05:00.000","1","DRIVER","4","1748413",,"NISSAN","ALTIMA","FL","2019","UNKNOWN","PASSENGER","UNKNOWN/NA","S","STRAIGHT AHEAD",,,"5",,,,,"Y","Y","Y","Y","N",,,,,,,,,"SIDE-RIGHT",,,,,,,,,,,,,,,,,,,,,,,,,,,,,,,,,
"1835472","ae5b13832e1ae01f87a11723f24274a25fc00965aaa3bac8429bff231b8832ef87bcb141d9af78e531ff7b8cd6f10f451ef82dd172dafe32d2b78fd28e0759d1","2024-06-05T16:05:00.000","2","DRIVER","2","1748435",,"TOYOTA","C-HR","IL","2021","UNKNOWN","SPORT UTILITY VEHICLE (SUV)","UNKNOWN/NA","E","STRAIGHT AHEAD",,,"3",,,,,"Y",,,,,,,,,,"Y","Y",,"FRONT",,,,,,,,,,,,,,,,,,,,,,,,,,,,,,,,,
"1835818","2f10f44c0a78e8de17378ce023ea3f10b29128265bfa34133267e27b99ecd0dc688648e78354c80c77f03e25ec56e0fe52ee2f3d759883bc3725982e5c462033","2024-06-05T16:00:00.000","1","DRIVER",,"1748735",,"UNKNOWN","OTHER (EXPLAIN IN NARRATIVE)","IL",,"UNKNOWN","UNKNOWN/NA","UNKNOWN/NA","W","UNKNOWN/NA",,,"1",,,,,"Y",,,,,,,,,,,,,"FRONT-RIGHT-CORNER",,,,,,,,,,,,,,,,,,,,,,,,,,,,,,,,,
"1835819","2f10f44c0a78e8de17378ce023ea3f10b29128265bfa34133267e27b99ecd0dc688648e78354c80c77f03e25ec56e0fe52ee2f3d759883bc3725982e5c462033","2024-06-05T16:00:00.000","2","PARKED",,"1748737",,"DODGE","CHARGER","IL","2012","UNKNOWN","PASSENGER","PERSONAL","W","PARKED",,,"0",,,,,,,,,,,"Y","Y",,,,,,"REAR-LEFT-CORNER",,,,,,,,,,,,,,,,,,,,,,,,,,,,,,,,,
"1835505","43b89dd5fc49e46c8a9d76e8004d586c3c2c2239f0b7c96b1302a68d344df90408fe54f0f8b1b14038d7e4a8673c93bb472748c2e932b02181b462af7cc95148","2024-06-05T16:00:00.000","1","DRIVER",,"1748434",,"PONTIAC","G6","IL","2006","UNKNOWN","PASSENGER","PERSONAL","S","STRAIGHT AHEAD",,,"1",,,,,,,,,,,,,,,,"Y",,"FRONT",,,,,,,,,,,,,,,,,,,,,,,,,,,,,,,,,
"1835506","43b89dd5fc49e46c8a9d76e8004d586c3c2c2239f0b7c96b1302a68d344df90408fe54f0f8b1b14038d7e4a8673c93bb472748c2e932b02181b462af7cc95148","2024-06-05T16:00:00.000","2","DRIVER","1","1748450",,"NISSAN","SENTRA","IL","2019","UNKNOWN","PASSENGER","PERSONAL","S","STRAIGHT AHEAD",,,"2",,,,,,,,,,"Y",,,,,,,,"REAR",,,,,,,,,,,,,,,,,,,,,,,,,,,,,,,,,
"1835603","6231d0e0c2a537289f682544d7fa6837ad9ec1d6d64a2dfa81493fc2fb75c03e48041bea22d9ed16ef919df45087c1c394df5e911d5cc4e3e3255b19630ec662","2024-06-05T16:00:00.000","1","DRIVER",,"1748609",,"MINI","COOPER","IL","2008","NONE","PASSENGER","PERSONAL","S","STRAIGHT AHEAD",,,"1",,,,,"Y","Y","Y","Y","Y",,,,,,,,,"SIDE-RIGHT",,,,,,,,,,,,,,,,,,,,,,,,,,,,,,,,,
"1835604","6231d0e0c2a537289f682544d7fa6837ad9ec1d6d64a2dfa81493fc2fb75c03e48041bea22d9ed16ef919df45087c1c394df5e911d5cc4e3e3255b19630ec662","2024-06-05T16:00:00.000","2","DRIVER",,"1748559",,"HONDA","HR-V","IL","2019","NONE","OTHER","PERSONAL","S","SLOW/STOP IN TRAFFIC",,,"1",,,,,,,,,,,"Y","Y","Y","Y","Y",,,"SIDE-LEFT",,,,,,,,,,,,,,,,,,,,,,,,,,,,,,,,,
"1835595","9c039c7cb26d8e051c7b733684af2f05642cde5ef11f7e4a4c8edd0093945ca2c7d8e0d8ed75a99d7f6996551566d5941d64ebb5b8bd27ba72d70b6f44846c2d","2024-06-05T16:00:00.000","1","DRIVER",,"1748523",,"HYUNDAI","SANTA FE","IL","2009","NONE","SPORT UTILITY VEHICLE (SUV)","UNKNOWN/NA","UNKNOWN","BACKING",,,"1",,,,,,,,,,,"Y",,,,,,,"REAR-LEFT-CORNER",,,,,,,,,,,,,,,,,,,,,,,,,,,,,,,,,
"1835596","9c039c7cb26d8e051c7b733684af2f05642cde5ef11f7e4a4c8edd0093945ca2c7d8e0d8ed75a99d7f6996551566d5941d64ebb5b8bd27ba72d70b6f44846c2d","2024-06-05T16:00:00.000","2","PARKED",,"1748525",,"FORD","OTHER (EXPLAIN IN NARRATIVE)","IL","2020","UNKNOWN","PICKUP","UNKNOWN/NA","UNKNOWN","PARKED",,,"0",,,,,,,,,,,,,,,,,"Y","REAR-RIGHT-CORNER",,,,,,,,,,,,,,,,,,,,,,,,,,,,,,,,,
"1835493","a0384c5af452dfd58075827164ffb0baa98886cc5169968298ce57a5c1df0f1fcec8fb36b0da10188bbf1cf201ae62db47ed8b9ad5dbcbfcd983aa6b2c138eb4","2024-06-05T16:00:00.000","1","DRIVER",,"1748421",,"FORD","F250","IL","2014","NONE","TRUCK - SINGLE UNIT","UNKNOWN/NA","W","STRAIGHT AHEAD",,,"1",,,,"Y",,,,,,,,,,,,,,"FRONT",,,,,,,,,,,,,,,,,,,,,,,,,,,,,,,,,
"1835494","a0384c5af452dfd58075827164ffb0baa98886cc5169968298ce57a5c1df0f1fcec8fb36b0da10188bbf1cf201ae62db47ed8b9ad5dbcbfcd983aa6b2c138eb4","2024-06-05T16:00:00.000","2","DRIVER","1","1748426",,"LINCOLN","NAUTILUS","IL","2019","NONE","SPORT UTILITY VEHICLE (SUV)","PERSONAL","S","STRAIGHT AHEAD",,,"2",,,,,,,,,,,,,,"Y","Y",,,"FRONT-LEFT-CORNER",,,,,,,,,,,,,,,,,,,,,,,,,,,,,,,,,
"1835453","cf04617e6d3e4d1bfaa5d94235066360e693537066a8a82a22c70c1da739bfe62a6af6aeea6604dcaad68603506f27cc581115c86162214bd8e17b1e9602e027","2024-06-05T16:00:00.000","1","DRIVER",,"1748380",,"LEXUS","NX","IL","2018","NONE","SPORT UTILITY VEHICLE (SUV)","PERSONAL","N","CHANGING LANES",,,"1",,,,,"Y",,,,,,,,,,,,,"FRONT-RIGHT-CORNER",,,,,,,,,,,,,,,,,,,,,,,,,,,,,,,,,
"1835454","cf04617e6d3e4d1bfaa5d94235066360e693537066a8a82a22c70c1da739bfe62a6af6aeea6604dcaad68603506f27cc581115c86162214bd8e17b1e9602e027","2024-06-05T16:00:00.000","2","DRIVER",,"1748383",,"CHEVROLET","MALIBU","IL","2007","NONE","PASSENGER","PERSONAL","N","STRAIGHT AHEAD",,,"1",,,,,,,,,,,"Y","Y",,,,,,"SIDE-LEFT-REAR",,,,,,,,,,,,,,,,,,,,,,,,,,,,,,,,,
"1835599","d75968b8203a97053161377c8afaded4a181cef7bee043c7c4ecc99fe521cfcc4ae0e184e63a6ae89d226b758733a53022ad174dd3778ae11c04d0c65a511ccb","2024-06-05T16:00:00.000","1","DRIVER",,"1748526",,"TOYOTA","PRIUS","IL","2012","UNKNOWN","UNKNOWN/NA","UNKNOWN/NA","E","UNKNOWN/NA",,,"1",,,,,,,,,,,,,,,,,"Y","UNKNOWN",,,,,,,,,,,,,,,,,,,,,,,,,,,,,,,,,
"1835600","d75968b8203a97053161377c8afaded4a181cef7bee043c7c4ecc99fe521cfcc4ae0e184e63a6ae89d226b758733a53022ad174dd3778ae11c04d0c65a511ccb","2024-06-05T16:00:00.000","2","PARKED","2","1748533",,"TOYOTA","HIGHLANDER","IL","2005","UNKNOWN","PASSENGER","NOT IN USE","E","PARKED",,,"2",,,,,,,,,,"Y",,,,,,,,"REAR",,,,,,,,,,,,,,,,,,,,,,,,,,,,,,,,,
"1835434","e6c33b270b28dd600f2c818a95df08ada8bd78212d741ba882a15eee9d1126e12b1a477a314f605c69312560649f05ba0eb8d6d7c1b00857b660619ba993f782","2024-06-05T16:00:00.000","1","DRIVER",,"1748358",,"NISSAN","OTHER (EXPLAIN IN NARRATIVE)",,,"UNKNOWN","UNKNOWN/NA","UNKNOWN/NA","S","STRAIGHT AHEAD",,,"1",,,,,,,,,,,,,,,,"Y","Y","FRONT",,,,,,,,,,,,,,,,,,,,,,,,,,,,,,,,,