"crash_unit_id","crash_record_id","crash_date","unit_no","unit_type","num_passengers","vehicle_id","cmrc_veh_i","make","model","lic_plate_state","vehicle_year","vehicle_defect","vehicle_type","vehicle_use","travel_direction","maneuver","towed_i","fire_i","occupant_cnt","exceed_speed_limit_i","towed_by","towed_to","area_00_i","area_01_i","area_02_i","area_03_i","area_04_i","area_05_i","area_06_i","area_07_i","area_08_i","area_09_i","area_10_i","area_11_i","area_12_i","area_99_i","first_contact_point","cmv_id","usdot_no","ccmc_no","ilcc_no","commercial_src","gvwr","carrier_name","carrier_state","carrier_city","hazmat_placards_i","hazmat_name","un_no","hazmat_present_i","hazmat_report_i","hazmat_report_no","mcs_report_i","mcs_report_no","hazmat_vio_cause_crash_i","mcs_vio_cause_crash_i","idot_permit_no","wide_load_i","trailer1_width","trailer2_width","trailer1_length","trailer2_length","total_vehicle_length","axle_cnt","vehicle_config","cargo_body_type","load_type","hazmat_out_of_service_i","mcs_out_of_service_i","hazmat_class"
"1835435","e6c33b270b28dd600f2c818a95df08ada8bd78212d741ba882a15eee9d1126e12b1a477a314f605c69312560649f05ba0eb8d6d7c1b00857b660619ba993f782","2024-06-05T16:00:00.000","2","DRIVER","1","1748368",,"DODGE","AVENGER","IL","2013","NONE","PASSENGER","PERSONAL","S","STRAIGHT AHEAD","Y",,"2",,,,,"Y","Y",,,"Y","Y",,,,,"Y","Y",,"REAR",,,,,,,,,,,,,,,,,,,,,,,,,,,,,,,,,
"1835436","e6c33b270b28dd600f2c818a95df08ada8bd78212d741ba882a15eee9d1126e12b1a477a314f605c69312560649f05ba0eb8d6d7c1b00857b660619ba993f782","2024-06-05T16:00:00.000","3","PARKED",,"1748379",,"NISSAN","ALTIMA","IL","2005","NONE","PASSENGER","NOT IN USE","S","PARKED",,,"0",,,,,,,,,"Y","Y","Y",,,,,"Y",,"REAR",,,,,,,,,,,,,,,,,,,,,,,,,,,,,,,,,
"1835437","e6c33b270b28dd600f2c818a95df08ada8bd78212d741ba882a15eee9d1126e12b1a477a314f605c69312560649f05ba0eb8d6d7c1b00857b660619ba993f782","2024-06-05T16:00:00.000","4","PARKED",,"1748386",,"DODGE","CHARGER","IL","2022","NONE","PASSENGER","NOT IN USE","S","PARKED",,,"0",,,,,"Y",,,,,"Y",,,,,,"Y",,"REAR",,,,,,,,,,,,,,,,,,,,,,,,,,,,,,,,,
"1835414","48b41865183f9115e9a5ab7ff287168a05c42cee3815e05996ece9d68ffe8497b191114bd84715a0fe1d89e1bfc95baa9d227a67c8af50daa43c01a4db0d4185","2024-06-05T15:56:00.000","1","DRIVER",,"1748348",,"UNKNOWN","OTHER (EXPLAIN IN NARRATIVE)",,,"UNKNOWN","UNKNOWN/NA","UNKNOWN/NA","W","UNKNOWN/NA",,,"1",,,,,,,,,,,,,,,,,"Y","UNKNOWN",,,,,,,,,,,,,,,,,,,,,,,,,,,,,,,,,
"1835415","48b41865183f9115e9a5ab7ff287168a05c42cee3815e05996ece9d68ffe8497b191114bd84715a0fe1d89e1bfc95baa9d227a67c8af50daa43c01a4db0d4185","2024-06-05T15:56:00.000","2","PARKED",,"1748356",,"DODGE","CHALLENGER","IL","2016","UNKNOWN","PASSENGER","PERSONAL","W","PARKED",,,"0",,,,,"Y",,"Y",,,,,,,,"Y","Y",,"FRONT-RIGHT-CORNER",,,,,,,,,,,,,,,,,,,,,,,,,,,,,,,,,
"1835442","e3bac48bbcc4d202e5763c45e0c55329f29664565632294dab0f37724091846294b1a175daeebbe2ec75b649fd29549d050e2e31f0ecca1fee8217cac5c5f85a","2024-06-05T15:52:00.000","1","DRIVER",,"1748369",,"CHEVROLET","IMPALA","IL","2014","NONE","PASSENGER","PERSONAL","S","TURNING RIGHT","Y",,"1",,"PRIVATE TOW",,,"Y",,,,,,,,,,"Y","Y",,"FRONT",,,,,,,,,,,,,,,,,,,,,,,,,,,,,,,,,
"1835443","e3bac48bbcc4d202e5763c45e0c55329f29664565632294dab0f37724091846294b1a175daeebbe2ec75b649fd29549d050e2e31f0ecca1fee8217cac5c5f85a","2024-06-05T15:52:00.000","2","DRIVER","1","1748373",,"MERCEDES-BENZ","OTHER (EXPLAIN IN NARRATIVE)","IL","2020","NONE","PASSENGER","PERSONAL","W","STRAIGHT AHEAD",,,"2",,,,,"Y","Y","Y","Y",,,,,,,,,,"SIDE-RIGHT",,,,,,,,,,,,,,,,,,,,,,,,,,,,,,,,,
"1835430","36293445ad0130ad3fa605e2d9dfb9ccfccb9a1d178dd3df1dbfea73c7b5127c528023392d0e9583e70f40f2d4cba741e3c3d3d81a85a1e80bc96539142a04d8","2024-06-05T15:45:00.000","1","DRIVER",,"1748357",,"INTERNATIONAL HARVESTER","INTERNATIONAL HARVESTER","IL","2007","UNKNOWN","TRUCK - SINGLE UNIT","OTHER","S","BACKING",,,"1",,,,"Y",,,,,,,,,,,,,,"UNKNOWN",,,,,,,,,,,,,,,,,,,,,,,,,,,,,,,,,
"1835431","36293445ad0130ad3fa605e2d9dfb9ccfccb9a1d178dd3df1dbfea73c7b5127c528023392d0e9583e70f40f2d4cba741e3c3d3d81a85a1e80bc96539142a04d8","2024-06-05T15:45:00.000","2","DRIVER",,"1748362",,"GENESIS","G70","IL","2019","UNKNOWN","PASSENGER","PERSONAL","N","STRAIGHT AHEAD",,,"1",,,,,,,,,,,,,,,,"Y",,"FRONT",,,,,,,,,,,,,,,,,,,,,,,,,,,,,,,,,
"1835755","cc9b80c13652ac9639a7e057e3210b945cfac187fe62245f08bf62431594aab574808d959409a17476460b68c5b8fe89db77ffc1b20551e394a4f593d3982807","2024-06-05T15:42:00.000","1","DRIVER",,"1748675","N","MERCEDES-BENZ","SPRINTER","ME","2023","UNKNOWN","TRUCK - SINGLE UNIT","UNKNOWN/NA","N","CHANGING LANES",,,"1",,,,,,,,,,,"Y","Y",,,,,,"SIDE-LEFT-REAR",,,,,,,,,,,,,,,,,,,,,,,,,,,,,,,,,
"1835756","cc9b80c13652ac9639a7e057e3210b945cfac187fe62245f08bf62431594aab574808d959409a17476460b68c5b8fe89db77ffc1b20551e394a4f593d3982807","2024-06-05T15:42:00.000","2","DRIVER",,"1748680",,"SUBARU","OUTBACK","IL","2018","NONE","PASSENGER","PERSONAL","N","STRAIGHT AHEAD",,,"1",,,,,"Y","Y",,,,,,,,,,"Y",,"FRONT-RIGHT-CORNER",,,,,,,,,,,,,,,,,,,,,,,,,,,,,,,,,
"1835420","b77a1e0bdcba2c37c615c8a90b1791a61fa17f6c706ccfcd040937844d5a36ba4deee2ed3e0bcf09e1238f1dac50b302036215b3729dd215745a030a5010d750","2024-06-05T15:40:00.000","1","DRIVER",,"1748353",,"UNKNOWN","OTHER (EXPLAIN IN NARRATIVE)","IL",,"UNKNOWN","OTHER","OTHER","SE","STRAIGHT AHEAD",,,"1",,,,,,,,,,,,,,,"Y","Y",,"FRONT-LEFT-CORNER",,,,,,,,,,,,,,,,,,,,,,,,,,,,,,,,,
"1835421","b77a1e0bdcba2c37c615c8a90b1791a61fa17f6c706ccfcd040937844d5a36ba4deee2ed3e0bcf09e1238f1dac50b302036215b3729dd215745a030a5010d750","2024-06-05T15:40:00.000","2","DRIVER",,"1748365",,"FORD","OTHER (EXPLAIN IN NARRATIVE)","IL",,"UNKNOWN","OTHER","POLICE","SE","STRAIGHT AHEAD",,,"1",,,,,,,"Y","Y",,,,,,,,,,"SIDE-RIGHT",,,,,,,,,,,,,,,,,,,,,,,,,,,,,,,,,
"1835565","b00be100adbae3656fcdf94b02f3bfac074c1310f593d09c60374cbbc140320362516f7a5245c03d121ce97c09a007005400fe6f3c12e4760081d3c9f834927b","2024-06-05T15:30:00.000","1","DRIVER",,"1748493",,"DODGE","CARAVAN","IL","2019","UNKNOWN","VAN/MINI-VAN","PERSONAL","W","STRAIGHT AHEAD",,,"1",,,,,,,,,,,,,,,,,"Y","FRONT",,,,,,,,,,,,,,,,,,,,,,,,,,,,,,,,,
"1835566","b00be100adbae3656fcdf94b02f3bfac074c1310f593d09c60374cbbc140320362516f7a5245c03d121ce97c09a007005400fe6f3c12e4760081d3c9f834927b","2024-06-05T15:30:00.000","2","DRIVER","2","1748503",,"TOYOTA","CAMRY","IL","1999","NONE","PASSENGER","PERSONAL","W","SLOW/STOP IN TRAFFIC",,,"3",,,,,,,,,,"Y","Y",,,,,,,"REAR",,,,,,,,,,,,,,,,,,,,,,,,,,,,,,,,,
"1835579","f72d765348afc6ae975e74270e854451ba3a771cc10fe3a9d1abae8d83ce64fb5789616a0657378c0ac2e2405dd0a59efa8ebe8beb51355a38f3e8241575b75a","2024-06-05T15:30:00.000","1","DRIVER","1","1748517",,"TOYOTA","CAMRY","IL","2019","NONE","PASSENGER","RIDESHARE SERVICE","E","STRAIGHT AHEAD",,,"2",,,,,,,,,,,,,,,"Y",,,"FRONT-LEFT-CORNER",,,,,,,,,,,,,,,,,,,,,,,,,,,,,,,,,
"1835580","f72d765348afc6ae975e74270e854451ba3a771cc10fe3a9d1abae8d83ce64fb5789616a0657378c0ac2e2405dd0a59efa8ebe8beb51355a38f3e8241575b75a","2024-06-05T15:30:00.000","2","DRIVER",,"1748512",,"CHEVROLET","EQUINOX","IL","2015","NONE","SPORT UTILITY VEHICLE (SUV)","PERSONAL","S","SLOW/STOP IN TRAFFIC",,,"1",,,,,"Y",,,,,,,,,,,,,"FRONT-RIGHT-CORNER",,,,,,,,,,,,,,,,,,,,,,,,,,,,,,,,,
"1835376","58bbe2c1bbfe12d8574aaec212b675ab9ab0dd106d457b365af57ca87c276a0067e769e753e14eeaf7cbc9be84a34b265bbb5b5ea5fb5268993e53d0d75344b9","2024-06-05T15:25:00.000","1","DRIVER",,"1748312",,"TOYOTA","CAMRY","IL","2009","UNKNOWN","PASSENGER","PERSONAL","S","STRAIGHT AHEAD",,,"1",,,,,,,,,,,,,,"Y","Y",,,"FRONT-LEFT-CORNER",,,,,,,,,,,,,,,,,,,,,,,,,,,,,,,,,
"1835377","58bbe2c1bbfe12d8574aaec212b675ab9ab0dd106d457b365af57ca87c276a0067e769e753e14eeaf7cbc9be84a34b265bbb5b5ea5fb5268993e53d0d75344b9","2024-06-05T15:25:00.000","2","DRIVER","1","1748329",,"CHEVROLET","TRAVERSE","IL","2017","UNKNOWN","PASSENGER","PERSONAL","S","STRAIGHT AHEAD",,,"2",,,,,"Y","Y","Y","Y",,,,,,,,,,"SIDE-RIGHT",,,,,,,,,,,,,,,,,,,,,,,,,,,,,,,,,
"1835438","50ebec32c64dec9023fc393113b54035cbf2b62b650e9bfd141f3bf2877114e91084c7ecfa2a7b69058bde66e8e28c6fd022dc9f68dd75128df85c88c1964360","2024-06-05T15:22:00.000","1","DRIVER",,"1748366",,"UNKNOWN","OTHER (EXPLAIN IN NARRATIVE)","XX",,"UNKNOWN","UNKNOWN/NA","UNKNOWN/NA","N","UNKNOWN/NA",,,"1",,,,,,,,,,,,,,,,,"Y","FRONT",,,,,,,,,,,,,,,,,,,,,,,,,,,,,,,,,
"1835439","50ebec32c64dec9023fc393113b54035cbf2b62b650e9bfd141f3bf2877114e91084c7ecfa2a7b69058bde66e8e28c6fd022dc9f68dd75128df85c88c1964360","2024-06-05T15:22:00.000","2","BICYCLE",,,,,,,,,,,,,,,,,,,,,,,,,,,,,,,,,,,,,,,,,,,,,,,,,,,,,,,,,,,,,,,,,,
"1835432","bec415acf5690bfe6f2248cabb36c41638b7f84993ffb3c5d3d5d742b0fb1cfa06b377580cacf8e0bbdfe1fb8f8c5bbfc1a20913ec638d1da036013b6ec09121","2024-06-05T15:20:00.000","1","DRIVER","1","1748375",,"TOYOTA","CAMRY","IL","2018","UNKNOWN","PASSENGER","PERSONAL","NW","TURNING LEFT","N",,"2",,,,,,"Y","Y","Y","Y",,,,,,,,,"SIDE-RIGHT",,,,,,,,,,,,,,,,,,,,,,,,,,,,,,,,,
"1835433","bec415acf5690bfe6f2248cabb36c41638b7f84993ffb3c5d3d5d742b0fb1cfa06b377580cacf8e0bbdfe1fb8f8c5bbfc1a20913ec638d1da036013b6ec09121","2024-06-05T15:20:00.000","2","DRIVER",,"1748392",,"JEEP","CHEROKEE","IL","2015","UNKNOWN","PASSENGER","PERSONAL","S","STRAIGHT AHEAD",,,"1",,,,,,,,,,,,,,,"Y","Y",,"FRONT-LEFT-CORNER",,,,,,,,,,,,,,,,,,,,,,,,,,,,,,,,,
"1835406","0db820a7171dc4d38afc12021972add7fc528aac10ee3e6981335993b4c86ae981b653e1783a7620a09af872160b357730c3a87a6c564ff590f49bcdd93009e1","2024-06-05T15:17:00.000","1","DRIVER",,"1748342",,"FORD","EXPLORER","IL","2023","NONE","SPORT UTILITY VEHICLE (SUV)","POLICE","W","STRAIGHT AHEAD","Y",,"1",,"E AND R","5100 S WENTWORTH",,,,,,,,,,,,"Y",,,"FRONT-LEFT-CORNER",,,,,,,,,,,,,,,,,,,,,,,,,,,,,,,,,
"1835407","0db820a7171dc4d38afc12021972add7fc528aac10ee3e6981335993b4c86ae981b653e1783a7620a09af872160b357730c3a87a6c564ff590f49bcdd93009e1","2024-06-05T15:17:00.000","2","DRIVER","1","1748349",,"MAZDA","MAZDA3","IL","2012","NONE","PASSENGER","PERSONAL","W","STRAIGHT AHEAD",,,"2",,,,,,,"Y","Y",,,,,,,,,,"SIDE-RIGHT-REAR",,,,,,,,,,,,,,,,,,,,,,,,,,,,,,,,,
"1835495","01f0c631bcb4f4aafc5104bef50df87e542cab2a62ecab715c5dbd19eeb000bc7a176b714c2ce96dcbab07bfbcba2ca6220305f68cfaed7c581229be7e001d04","2024-06-05T15:15:00.000","1","DRIVER",,"1748428",,"ACURA","ZDX","IL","2020","NONE","PASSENGER","PERSONAL","E","STRAIGHT AHEAD",,,"1",,,,,,,,,,,"Y","Y","Y","Y","Y","Y",,"FRONT-LEFT-CORNER",,,,,,,,,,,,,,,,,,,,,,,,,,,,,,,,,
"1835496","01f0c631bcb4f4aafc5104bef50df87e542cab2a62ecab715c5dbd19eeb000bc7a176b714c2ce96dcbab07bfbcba2ca6220305f68cfaed7c581229be7e001d04","2024-06-05T15:15:00.000","2","DRIVER",,"1748423",,"TOYOTA","RAV4","IL","2020","NONE","PASSENGER","PERSONAL","S","SLOW/STOP IN TRAFFIC",,,"1",,,,,"Y",,,,,,,,,,"Y","Y",,"FRONT",,,,,,,,,,,,,,,,,,,,,,,,,,,,,,,,,
"1835559","822f74965166ee2a47fa91a6fbae05918814f73b065892816b1ddf686c5abb025e2d7c97ebb6393369b483b2dd69dcab96b1b4a836c8f4f48758eca35b287d73","2024-06-05T15:10:00.000","1","DRIVER",,"1748483",,"FORD","TRANSIT","IL","2020","UNKNOWN","BUS UP TO 15 PASS.","COMMERCIAL - SINGLE UNIT","N","STRAIGHT AHEAD",,,"1",,,,,,"Y",,,,,,,,,,,,"SIDE-RIGHT",,,,,,,,,,,,,,,,,,,,,,,,,,,,,,,,,
"1835560","822f74965166ee2a47fa91a6fbae05918814f73b065892816b1ddf686c5abb025e2d7c97ebb6393369b483b2dd69dcab96b1b4a836c8f4f48758eca35b287d73","2024-06-05T15:10:00.000","2","PARKED",,"1748490",,"JEEP","COMPASS","IL","2018","UNKNOWN","OTHER","NOT IN USE","N","PARKED",,,"0",,,,,,,,,,,,,,"Y",,,,"SIDE-LEFT",,,,,,,,,,,,,,,,,,,,,,,,,,,,,,,,,
"1835384","d48afa448ba2e9fdfd94809f792e2126a66e3248045664c5344bf0aecc3a8fb092a33e07ecd772d18d7b845cacd1f26c7d960de26ca0890ac82a867456f2995f","2024-06-05T15:10:00.000","1","DRIVER",,"1748314",,"TOYOTA","COROLLA","IL","2009","UNKNOWN","PASSENGER","PERSONAL","S","PASSING/OVERTAKING",,,"1",,,,,,,,,,,"Y","Y","Y",,,,,"SIDE-LEFT",,,,,,,,,,,,,,,,,,,,,,,,,,,,,,,,,
"1835385","d48afa448ba2e9fdfd94809f792e2126a66e3248045664c5344bf0aecc3a8fb092a33e07ecd772d18d7b845cacd1f26c7d960de26ca0890ac82a867456f2995f","2024-06-05T15:10:00.000","2","DRIVER",,"1748322",,"BUICK","ENCLAVE","IL","2018","UNKNOWN","PASSENGER","PERSONAL","W","TURNING LEFT",,,"1",,,,,"Y",,,,,,,,,,,,,"FRONT-RIGHT-CORNER",,,,,,,,,,,,,,,,,,,,,,,,,,,,,,,,,
"1835571","15347f99f42b68b8d2f45c739f46dbbcc871060f0a11fa09b0fdb6dc83cce2c0aa095cdb40b6d3cba8e6ae0b46f8f7bfd9d112e9ed0be664e746f576abcd86ee","2024-06-05T15:00:00.000","1","DRIVER",,"1748497",,"HONDA","ACCORD","IL","2012","NONE","PASSENGER","PERSONAL","E","STRAIGHT AHEAD",,,"1",,,,,,,,,,,,,,,,,,"SIDE-LEFT",,,,,,,,,,,,,,,,,,,,,,,,,,,,,,,,,
"1835572","15347f99f42b68b8d2f45c739f46dbbcc871060f0a11fa09b0fdb6dc83cce2c0aa095cdb40b6d3cba8e6ae0b46f8f7bfd9d112e9ed0be664e746f576abcd86ee","2024-06-05T15:00:00.000","2","DRIVER",,"1748518",,"SCION","XA","IL","2006","NONE","PASSENGER","PERSONAL","E","STRAIGHT AHEAD",,,"1",,,,,,"Y","Y",,,,,,,,,,,"SIDE-RIGHT",,,,,,,,,,,,,,,,,,,,,,,,,,,,,,,,,
"1835529","17ff5e0e963f570a67fde8ab58795d8fb9eeadc16850d242bc137a56d95a09670831a44067b558511baaba9030d769bd51c366c8bb13f9c2ce36c6cb53b4dd16","2024-06-05T15:00:00.000","1","DRIVER",,"1748491",,"NISSAN","JUKE","IL","2013","UNKNOWN","PASSENGER","PERSONAL","W","STRAIGHT AHEAD","Y",,"1",,,,,"Y",,,,,,,,,,"Y","Y",,"FRONT",,,,,,,,,,,,,,,,,,,,,,,,,,,,,,,,,
"1835530","17ff5e0e963f570a67fde8ab58795d8fb9eeadc16850d242bc137a56d95a09670831a44067b558511baaba9030d769bd51c366c8bb13f9c2ce36c6cb53b4dd16","2024-06-05T15:00:00.000","2","DRIVER",,"1748507",,"LINCOLN","CORSAIR","IL","2023","UNKNOWN","SPORT UTILITY VEHICLE (SUV)","PERSONAL","N","TURNING LEFT",,,"1",,,,,,,,"Y",,,,,,,,,,"SIDE-RIGHT",,,,,,,,,,,,,,,,,,,,,,,,,,,,,,,,,
"1835355","1cbbbc92bcba378e5e3f579933ccb4cb3d17e86d36b9d72ab63296b519d16bfb880915d1c87dfecd94d4b30f7b6839d3d6a1afc6d3245224d0402cf1957c6905","2024-06-05T15:00:00.000","1","DRIVER","1","1748286",,"TOYOTA","CAMRY","IL","1998","NONE","PASSENGER","PERSONAL","N","TURNING LEFT",,,"2",,,,,"N","N",,,,,,,,,"Y",,,"FRONT-LEFT-CORNER",,,,,,,,,,,,,,,,,,,,,,,,,,,,,,,,,
"1835356","1cbbbc92bcba378e5e3f579933ccb4cb3d17e86d36b9d72ab63296b519d16bfb880915d1c87dfecd94d4b30f7b6839d3d6a1afc6d3245224d0402cf1957c6905","2024-06-05T15:00:00.000","2","DRIVER","1","1748291",,"CHRYSLER","300","IL","2019","NONE","PASSENGER","PERSONAL","W","TURNING LEFT",,,"2",,,,,,,,,,,"Y","Y","Y","N",,,,"SIDE-LEFT",,,,,,,,,,,,,,,,,,,,,,,,,,,,,,,,,
"1835569","949a34bd6829ece9f870a6d62156f4d495cbe774cb7dabd0e91dab0250588155342ca16ed1db28a7929824d71756894daf15cdd36adebdb6935a89e512787b81","2024-06-05T14:54:00.000","1","DRIVER",,"1748495",,"TOYOTA","C-HR","IL","2021","UNKNOWN","PASSENGER","PERSONAL","E","STRAIGHT AHEAD","Y",,"1",,"PRIVATE TOW","RESIDENCE",,"Y",,,,,,,,,,,"Y",,"REAR-RIGHT-CORNER",,,,,,,,,,,,,,,,,,,,,,,,,,,,,,,,,
"1835570","949a34bd6829ece9f870a6d62156f4d495cbe774cb7dabd0e91dab0250588155342ca16ed1db28a7929824d71756894daf15cdd36adebdb6935a89e512787b81","2024-06-05T14:54:00.000","2","DRIVER","2","1748506",,"CHEVROLET","IMPALA","IL","2015","UNKNOWN","PASSENGER","PERSONAL","N","TURNING RIGHT",,,"3",,,,,,,,,,"Y","Y","Y","Y",,,,,"SIDE-LEFT-REAR",,,,,,,,,,,,,,,,,,,,,,,,,,,,,,,,,
"1835401","4c41049db8488df43a8731b0e9542dc022db2a80b54a30e84499129c58f5f3074dfb09455b2012d098ea660d18c1e748386e55c6bdd72a020e4da443b76b4f79","2024-06-05T14:45:00.000","1","DRIVER",,"1748361","N","FLEETWOOD ENTERPRISES, INC.","FLEETWOOD ENTERPRISES, INC.","TN",,"UNKNOWN","SINGLE UNIT TRUCK WITH TRAILER","OTHER","W","STRAIGHT AHEAD",,,"1",,,,"Y",,,,,,,,,,,,,,"TOP",,,,,,,,,,,,,,,,,,,,,,,,,,,,,,,,,
"1835347","1bb6dc3457ac2a53fd5cef38cf77466853607f7b8e67aa1af264d7cb4bbe9fd9493749f81fa0936014c917efa683f0b7674aabf9259cc007c267a0681bc5e76f","2024-06-05T14:42:00.000","1","DRIVER",,"1748281",,"NORTH AMERICAN BUS INDUSTRIES","OTHER (EXPLAIN IN NARRATIVE)","IL","2010","NONE","BUS OVER 15 PASS.","PERSONAL","W","STRAIGHT AHEAD",,,"1",,,,,"Y","Y",,,,,,,,,,,,"FRONT-RIGHT-CORNER",,,,,,,,,,,,,,,,,,,,,,,,,,,,,,,,,
"1835722","b085bb81e7355c88415bf1b334700bfceb0e1529d4ee6bc1a229233b633d6d77b789e8015f8c5387aabf00f74f5147615a5a504d0335c3a011a75795a1d36821","2024-06-05T14:42:00.000","1","DRIVER",,"1748638",,"MERCURY","SABLE","IL","2003","UNKNOWN","PASSENGER","UNKNOWN/NA","E","STRAIGHT AHEAD",,,"1",,,,,"Y",,,,,,,,,,"Y","Y",,"FRONT",,,,,,,,,,,,,,,,,,,,,,,,,,,,,,,,,
"1835386","98ca92f5bb779d8d9680cbe91ef152d196cfb78c829a166a7a8735038d6d9c173cea1192202c717d4b4845c857d253c6c14d64c29f4a05ea35acfcdc4bb37c9e","2024-06-05T14:40:00.000","1","DRIVER",,"1748315",,"UNKNOWN","OTHER (EXPLAIN IN NARRATIVE)",,,"UNKNOWN","UNKNOWN/NA","UNKNOWN/NA","UNKNOWN","UNKNOWN/NA",,,"1",,,,,,,,,,,,,,,,,"Y","UNKNOWN",,,,,,,,,,,,,,,,,,,,,,,,,,,,,,,,,
"1835387","98ca92f5bb779d8d9680cbe91ef152d196cfb78c829a166a7a8735038d6d9c173cea1192202c717d4b4845c857d253c6c14d64c29f4a05ea35acfcdc4bb37c9e","2024-06-05T14:40:00.000","2","PARKED",,"1748319",,"LEXUS","NX","IL","2018","NONE","PASSENGER","PERSONAL","E","PARKED",,,"0",,,,,,,,,,,,,,,"Y","Y",,"FRONT-LEFT-CORNER",,,,,,,,,,,,,,,,,,,,,,,,,,,,,,,,,
"1835373","aca12bc4e8a7defb55e899c1518d2040a705dd4071e87e0f8aecd9a706d2216da69f104d4f1b633142c8a7dd75dade600af1333e4bb8fc8edf6f0772ab9c0f00","2024-06-05T14:39:00.000","1","DRIVER",,"1748301",,"MITSUBISHI","OUTLANDER","IL","2024","NONE","PASSENGER","PERSONAL","E","STRAIGHT AHEAD",,,"1",,,,,,,,,,,,,,,"Y",,,"FRONT-LEFT-CORNER",,,,,,,,,,,,,,,,,,,,,,,,,,,,,,,,,
"1835374","aca12bc4e8a7defb55e899c1518d2040a705dd4071e87e0f8aecd9a706d2216da69f104d4f1b633142c8a7dd75dade600af1333e4bb8fc8edf6f0772ab9c0f00","2024-06-05T14:39:00.000","2","DRIVER",,"1748309",,"TOYOTA","CAMRY","IL","2012","NONE","PASSENGER","PERSONAL","E","STRAIGHT AHEAD",,,"1",,,,,,,"Y",,,,,,,,,,,"SIDE-RIGHT",,,,,,,,,,,,,,,,,,,,,,,,,,,,,,,,,
"1835338","beac7e7aa6d2e669d31d52f3d4c9aa3ac1fa3cf4132dae3da30237e14a86d6a081cc28c19cc74ec3ab488ea341f1572a9eacc7fe9c8648990f12eace3db05daa","2024-06-05T14:30:00.000","1","DRIVER",,"1748278",,"TOYOTA","RAV4","IL","2019","NONE","PASSENGER","PERSONAL","S","STRAIGHT AHEAD",,,"1",,,,,"Y",,,,,,,,,,"Y","Y",,"FRONT",,,,,,,,,,,,,,,,,,,,,,,,,,,,,,,,,
"1835339","beac7e7aa6d2e669d31d52f3d4c9aa3ac1fa3cf4132dae3da30237e14a86d6a081cc28c19cc74ec3ab488ea341f1572a9eacc7fe9c8648990f12eace3db05daa","2024-06-05T14:30:00.000","2","DRIVER",,"1748271",,"JEEP","COMPASS","IL","2020","NONE","PASSENGER","PERSONAL","S","SLOW/STOP IN TRAFFIC",,,"1",,,,,,,,,"Y","Y","Y",,,,,,,"REAR",,,,,,,,,,,,,,,,,,,,,,,,,,,,,,,,,
"1835348","e46f8f500543c1af91fe40cbf151dd924564bb0f710fd85305ee9d26d7e92edaedec8fa9c2ddb10718213ca565fec58a33a640a2ff7e2b02ecaa5713556785f3","2024-06-05T14:30:00.000","1","DRIVER",,"1748284",,"UNKNOWN","ENCLOSED BODY","IL",,"NONE","TRACTOR W/O SEMI-TRAILER","COMMERCIAL - SINGLE UNIT","S","BACKING",,,"1",,,,,,,"Y",,,,,,,,,,,"SIDE-RIGHT",,,,,,,,,,,,,,,,,,,,,,,,,,,,,,,,,
"1835349","e46f8f500543c1af91fe40cbf151dd924564bb0f710fd85305ee9d26d7e92edaedec8fa9c2ddb10718213ca565fec58a33a640a2ff7e2b02ecaa5713556785f3","2024-06-05T14:30:00.000","2","PARKED",,"1748285",,"UNKNOWN","ENCLOSED BODY","IL","2023","NONE","SPORT UTILITY VEHICLE (SUV)","NOT IN USE","N","PARKED",,,"0",,,,,,,,,,,,"Y","Y","Y",,,,"SIDE-LEFT",,,,,,,,,,,,,,,,,,,,,,,,,,,,,,,,,
"1835380","601915f1675b6c035233fa8ac2a071dac2f0dbf67ce17958e51094be6875b3c4a9f13ace5a1dc4644faaad23e5b0a112d5fe2b924506ca768709a475f5235ba7","2024-06-05T14:23:00.000","1","DRIVER",,"1748320",,"TOYOTA","HIGHLANDER","IL","2018","UNKNOWN","PASSENGER","PERSONAL","W","PASSING/OVERTAKING",,,"1",,,,,,,,,,,,,,,,,,"SIDE-RIGHT",,,,,,,,,,,,,,,,,,,,,,,,,,,,,,,,,
"1835381","601915f1675b6c035233fa8ac2a071dac2f0dbf67ce17958e51094be6875b3c4a9f13ace5a1dc4644faaad23e5b0a112d5fe2b924506ca768709a475f5235ba7","2024-06-05T14:23:00.000","2","DRIVER",,"1748324",,"JEEP","WRANGLER","IN","2016","NONE","PASSENGER","PERSONAL","W","STRAIGHT AHEAD",,,"1",,,,,,,,,,,,,,,,,,"REAR-LEFT-CORNER",,,,,,,,,,,,,,,,,,,,,,,,,,,,,,,,,
"1835400","601915f1675b6c035233fa8ac2a071dac2f0dbf67ce17958e51094be6875b3c4a9f13ace5a1dc4644faaad23e5b0a112d5fe2b924506ca768709a475f5235ba7","2024-06-05T14:23:00.000","3","DRIVER",,"1748326",,"TOYOTA","RAV4","IL","2009","NONE","PASSENGER","PERSONAL","W","STRAIGHT AHEAD",,,"1",,,,,,,,,,,,,,,,,,"FRONT-LEFT-CORNER",,,,,,,,,,,,,,,,,,,,,,,,,,,,,,,,,