"crash_unit_id","crash_record_id","crash_date","unit_no","unit_type","num_passengers","vehicle_id","cmrc_veh_i","make","model","lic_plate_state","vehicle_year","vehicle_defect","vehicle_type","vehicle_use","travel_direction","maneuver","towed_i","fire_i","occupant_cnt","exceed_speed_limit_i","towed_by","towed_to","area_00_i","area_01_i","area_02_i","area_03_i","area_04_i","area_05_i","area_06_i","area_07_i","area_08_i","area_09_i","area_10_i","area_11_i","area_12_i","area_99_i","first_contact_point","cmv_id","usdot_no","ccmc_no","ilcc_no","commercial_src","gvwr","carrier_name","carrier_state","carrier_city","hazmat_placards_i","hazmat_name","un_no","hazmat_present_i","hazmat_report_i","hazmat_report_no","mcs_report_i","mcs_report_no","hazmat_vio_cause_crash_i","mcs_vio_cause_crash_i","idot_permit_no","wide_load_i","trailer1_width","trailer2_width","trailer1_length","trailer2_length","total_vehicle_length","axle_cnt","vehicle_config","cargo_body_type","load_type","hazmat_out_of_service_i","mcs_out_of_service_i","hazmat_class"
"1835390","434333ad96601784d75fad32321235741cf0457dd122dfbda9538d32166c678db13bcbc750612d73b1e30f56dd9cff2185614dd27e94eb045bf817c4c5b4f57f","2024-06-05T14:20:00.000","1","DRIVER",,"1748325",,"CADILLAC","XT5","IL","2024","UNKNOWN","PASSENGER","PERSONAL","N","STRAIGHT AHEAD",,,"1",,,,,,,,,,,,,,"Y","Y","Y",,"SIDE-LEFT-FRONT",,,,,,,,,,,,,,,,,,,,,,,,,,,,,,,,,
"1835391","434333ad96601784d75fad32321235741cf0457dd122dfbda9538d32166c678db13bcbc750612d73b1e30f56dd9cff2185614dd27e94eb045bf817c4c5b4f57f","2024-06-05T14:20:00.000","2","DRIVER","1","1748336",,"TOYOTA","PRIUS","IL","2012","UNKNOWN","PASSENGER","PERSONAL","E","STRAIGHT AHEAD",,,"2",,,,,"Y","Y",,,,,,,,,,"Y",,"SIDE-RIGHT-FRONT",,,,,,,,,,,,,,,,,,,,,,,,,,,,,,,,,
"1835329","da78fccfdc588dc14acdc88e536635957482f6809144491858f4f896516f32e2d1fb45d88af431758a262e5fe7c661efab828513154b8b5ae2fc467175724e29","2024-06-05T14:12:00.000","1","DRIVER",,"1748266",,"NISSAN","ROGUE","XX",,"UNKNOWN","PASSENGER","UNKNOWN/NA","N","STRAIGHT AHEAD",,,"1",,,,,"Y","Y","Y",,,,,,,,,,,"SIDE-RIGHT",,,,,,,,,,,,,,,,,,,,,,,,,,,,,,,,,
"1835330","da78fccfdc588dc14acdc88e536635957482f6809144491858f4f896516f32e2d1fb45d88af431758a262e5fe7c661efab828513154b8b5ae2fc467175724e29","2024-06-05T14:12:00.000","2","DRIVER",,"1748273",,"TOYOTA","CAMRY","IL","2023","NONE","PASSENGER","PERSONAL","S","AVOIDING VEHICLES/OBJECTS",,,"1",,,,,,,,,,,,"Y","Y","Y",,,,"SIDE-LEFT",,,,,,,,,,,,,,,,,,,,,,,,,,,,,,,,,
"1835392","925b092a5b2161e4b9d93b07e147e90622ed31c3b04fc3d83acc8c7b43cf30c315fd5169a2a1e785f57faab70d6e7fec20e65d0e341ac04c0148de2653a04c3e","2024-06-05T14:10:00.000","1","DRIVER",,"1748339",,"CHEVROLET","EQUINOX","IL","2016","UNKNOWN","SPORT UTILITY VEHICLE (SUV)","PERSONAL","E","STRAIGHT AHEAD",,,"1",,,,,,,,,,,"Y","Y","Y","Y","Y",,,"SIDE-LEFT",,,,,,,,,,,,,,,,,,,,,,,,,,,,,,,,,
"1835393","925b092a5b2161e4b9d93b07e147e90622ed31c3b04fc3d83acc8c7b43cf30c315fd5169a2a1e785f57faab70d6e7fec20e65d0e341ac04c0148de2653a04c3e","2024-06-05T14:10:00.000","2","DRIVER","1","1748347",,"BUICK","REGAL","IL","2011","UNKNOWN","PASSENGER","PERSONAL","E","STRAIGHT AHEAD",,,"2",,,,,"Y","Y","Y","Y","Y",,,,,,,,,"SIDE-RIGHT",,,,,,,,,,,,,,,,,,,,,,,,,,,,,,,,,
"1835382","244d360cd95879aaa7dc160008cd9f1946ab87a50774402a38933a48c54419ff053b26a4f8b9eed1f69c8011342fd7f213762e6ef2c1939596434080d4a2270e","2024-06-05T13:52:00.000","1","DRIVER",,"1748316",,"HONDA","CR-V","IL","2016","UNKNOWN","SPORT UTILITY VEHICLE (SUV)","PERSONAL","E","TURNING LEFT",,,"1",,,,,"Y",,,,,,,,,,,,,"FRONT-RIGHT-CORNER",,,,,,,,,,,,,,,,,,,,,,,,,,,,,,,,,
"1835383","244d360cd95879aaa7dc160008cd9f1946ab87a50774402a38933a48c54419ff053b26a4f8b9eed1f69c8011342fd7f213762e6ef2c1939596434080d4a2270e","2024-06-05T13:52:00.000","2","DRIVER",,"1748333",,"CHRYSLER","300",,"2015","UNKNOWN","PASSENGER","PERSONAL","N","STRAIGHT AHEAD",,,"1",,,,,,,,,,,,,,,"Y",,,"FRONT-LEFT-CORNER",,,,,,,,,,,,,,,,,,,,,,,,,,,,,,,,,
"1835516","db4bdf4017fbffd01ea1d9a9fd1f5aec79aa1d1489ffe82baf8e82d815772bfdd3d455f868d8552b359870106ab3110804585f5597623788b137fa02dc8d71c3","2024-06-05T13:52:00.000","1","DRIVER",,"1748444",,"CHEVROLET","SILVERADO",,,"UNKNOWN","PICKUP","PERSONAL","W","UNKNOWN/NA",,,"1",,,,,,,,,,,,,,,,,"Y","UNKNOWN",,,,,,,,,,,,,,,,,,,,,,,,,,,,,,,,,
"1835517","db4bdf4017fbffd01ea1d9a9fd1f5aec79aa1d1489ffe82baf8e82d815772bfdd3d455f868d8552b359870106ab3110804585f5597623788b137fa02dc8d71c3","2024-06-05T13:52:00.000","2","PARKED",,"1748447",,"FORD","ESCAPE","IL","2006","NONE","PASSENGER","PERSONAL","W","PARKED",,,"0",,,,,,,"Y","Y","Y","Y",,,,,,,,"SIDE-LEFT-REAR",,,,,,,,,,,,,,,,,,,,,,,,,,,,,,,,,
"1835518","db4bdf4017fbffd01ea1d9a9fd1f5aec79aa1d1489ffe82baf8e82d815772bfdd3d455f868d8552b359870106ab3110804585f5597623788b137fa02dc8d71c3","2024-06-05T13:52:00.000","3","PARKED",,"1748456",,"NISSAN","QUEST","IL","2016","NONE","VAN/MINI-VAN","PERSONAL","W","PARKED",,,"0",,,,,,,,,,,,"Y","Y","Y",,,,"SIDE-LEFT",,,,,,,,,,,,,,,,,,,,,,,,,,,,,,,,,
"1835359","6e31653b3efa43c52238930ae9b9b2b112782b6604abf21500ddb6974486e5990dff93807a293a2cdfeb835c3de3f62cedd2fbe2836998bd2cfe8ca291810d9f","2024-06-05T13:50:00.000","1","DRIVER",,"1748288",,"TOYOTA","SIENNA","IL","2014","UNKNOWN","VAN/MINI-VAN","UNKNOWN/NA","S","CHANGING LANES",,,"1",,,,,"Y",,,,,,,,,,,,,"FRONT-RIGHT-CORNER",,,,,,,,,,,,,,,,,,,,,,,,,,,,,,,,,
"1835360","6e31653b3efa43c52238930ae9b9b2b112782b6604abf21500ddb6974486e5990dff93807a293a2cdfeb835c3de3f62cedd2fbe2836998bd2cfe8ca291810d9f","2024-06-05T13:50:00.000","2","DRIVER",,"1748308",,"FORD","TRANSIT CONNECT","IL","2022","NONE","VAN/MINI-VAN","PERSONAL","S","STRAIGHT AHEAD",,,"1",,,,,,,,,,,,"Y","Y","Y",,,,"SIDE-LEFT-FRONT",,,,,,,,,,,,,,,,,,,,,,,,,,,,,,,,,
"1835335","33c64f46ca63c27d786a3a77c4b0971301ed28a78411328abfbb0993a05bfa36a2ec3482a40875d42d77d0d5daefb4cfe3a23b54b4b9bd16f771bf1883d454cb","2024-06-05T13:45:00.000","1","DRIVER",,"1748268",,"UNKNOWN","OTHER (EXPLAIN IN NARRATIVE)","IL",,"UNKNOWN","PASSENGER","UNKNOWN/NA","W","STRAIGHT AHEAD",,,"1",,,,,"Y",,,,,,,,,,,,,"FRONT-RIGHT-CORNER",,,,,,,,,,,,,,,,,,,,,,,,,,,,,,,,,
"1835336","33c64f46ca63c27d786a3a77c4b0971301ed28a78411328abfbb0993a05bfa36a2ec3482a40875d42d77d0d5daefb4cfe3a23b54b4b9bd16f771bf1883d454cb","2024-06-05T13:45:00.000","2","DRIVER",,"1748272",,"HONDA","CR-V","IL","2017","UNKNOWN","PASSENGER","PERSONAL","W","TURNING LEFT",,,"1",,,,,,,,,,,,,,"Y",,,,"FRONT-LEFT-CORNER",,,,,,,,,,,,,,,,,,,,,,,,,,,,,,,,,
"1835394","d4763ed5ac363a03155df9ae76af01b2f604a1957647d503a633e9f261be19c1e8a51558d6e7aaf2b455d8367d1d38b1c3972ddca3b2e0056bba70848812946f","2024-06-05T13:45:00.000","1","DRIVER",,"1748338",,"CHEVROLET","OTHER (EXPLAIN IN NARRATIVE)","IL","2014","NONE","PASSENGER","PERSONAL","SW","ENTERING TRAFFIC LANE FROM PARKING",,,"1",,,,,"Y",,,,,,,,,,"Y","Y",,"FRONT",,,,,,,,,,,,,,,,,,,,,,,,,,,,,,,,,
"1835395","d4763ed5ac363a03155df9ae76af01b2f604a1957647d503a633e9f261be19c1e8a51558d6e7aaf2b455d8367d1d38b1c3972ddca3b2e0056bba70848812946f","2024-06-05T13:45:00.000","2","PARKED",,"1748331",,"TOYOTA","SIENNA","IL","2022","NONE","PASSENGER","PERSONAL","SW","PARKED IN TRAFFIC LANE",,,"0",,,,,,,,,"Y","Y","Y","Y",,,,,,"REAR",,,,,,,,,,,,,,,,,,,,,,,,,,,,,,,,,
"1835388","155fb0c139c7f4cace4b50ce4052d7564d55fccceae1ee55c892310009aabd61eea9d7e22db5e3a6435140c62102a60937a4225f4e80b9fc9986fa81e1993d7e","2024-06-05T13:40:00.000","1","DRIVER",,"1748321",,"CHEVROLET","MALIBU","IL","2010","UNKNOWN","PASSENGER","PERSONAL","S","TURNING LEFT","Y",,"1",,"self insurance","pendning",,,,,,,,,,,,,"Y",,"FRONT",,,,,,,,,,,,,,,,,,,,,,,,,,,,,,,,,
"1835389","155fb0c139c7f4cace4b50ce4052d7564d55fccceae1ee55c892310009aabd61eea9d7e22db5e3a6435140c62102a60937a4225f4e80b9fc9986fa81e1993d7e","2024-06-05T13:40:00.000","2","DRIVER","1","1748327",,"CHEVROLET","TRAVERSE","IL","2016","NONE","SPORT UTILITY VEHICLE (SUV)","PERSONAL","N","STRAIGHT AHEAD","Y",,"2",,"self insurance","pendning",,,,,,,,,,,,"Y","Y",,"FRONT-LEFT-CORNER",,,,,,,,,,,,,,,,,,,,,,,,,,,,,,,,,
"1835306","ca8a8c998a38610e2bf6cbae21a300af55607c2a74a27af5bda64835b793bd8aa9ee1f82437eb76991824b107be455f90d21e747df2d9772b0abf5a713e06935","2024-06-05T13:34:00.000","1","DRIVER",,"1748244",,"CHEVROLET","OTHER (EXPLAIN IN NARRATIVE)","IL","2020","UNKNOWN","TRUCK - SINGLE UNIT","COMMERCIAL - SINGLE UNIT","E","STRAIGHT AHEAD",,,"1",,,,,,"Y","Y",,,,,,,,,,,"SIDE-RIGHT",,,,,,,,,,,,,,,,,,,,,,,,,,,,,,,,,
"1835307","ca8a8c998a38610e2bf6cbae21a300af55607c2a74a27af5bda64835b793bd8aa9ee1f82437eb76991824b107be455f90d21e747df2d9772b0abf5a713e06935","2024-06-05T13:34:00.000","2","DRIVER","1","1748249",,"HYUNDAI","SONATA","IL","2009","UNKNOWN","PASSENGER","PERSONAL","E","STRAIGHT AHEAD",,,"2",,,,,,,,,,,,,"Y","Y",,,,"SIDE-LEFT",,,,,,,,,,,,,,,,,,,,,,,,,,,,,,,,,
"1835294","b42c913fd1f896c0522f1981e66df8493c0b867936b91ec3a3441e429c5b5fe10719899ca2508bbb18015b531a754947575ee79bc8cb3b08e254295bb17d960d","2024-06-05T13:30:00.000","1","DRIVER",,"1748235",,"MERCEDES-BENZ","E320","IL","2000","NONE","PASSENGER","PERSONAL","N","STRAIGHT AHEAD",,,"1",,,,,,,,,,,,,,"Y","Y",,,"FRONT-LEFT-CORNER",,,,,,,,,,,,,,,,,,,,,,,,,,,,,,,,,
"1835295","b42c913fd1f896c0522f1981e66df8493c0b867936b91ec3a3441e429c5b5fe10719899ca2508bbb18015b531a754947575ee79bc8cb3b08e254295bb17d960d","2024-06-05T13:30:00.000","2","DRIVER",,"1748243",,"TESLA","MODEL 3","IL",,"NONE","PASSENGER","PERSONAL","N","TURNING RIGHT",,,"1",,,,,,,,"Y","Y",,,,,,,,,"REAR-RIGHT-CORNER",,,,,,,,,,,,,,,,,,,,,,,,,,,,,,,,,
"1835310","c64d3d9dee28849c489164247dd25b1671df12a29b8d0549c17d551b97c701ffa998916ad59dcaf59575e3cfaf49806a4038ec4e0e56d2839ec23b0b80785f17","2024-06-05T13:30:00.000","1","DRIVER",,"1748245",,"NISSAN","ROGUE","IL","2020","NONE","SPORT UTILITY VEHICLE (SUV)","RIDESHARE SERVICE","S","CHANGING LANES",,,"1",,,,,,,,,,,,,,,"Y",,,"FRONT-LEFT-CORNER",,,,,,,,,,,,,,,,,,,,,,,,,,,,,,,,,
"1835311","c64d3d9dee28849c489164247dd25b1671df12a29b8d0549c17d551b97c701ffa998916ad59dcaf59575e3cfaf49806a4038ec4e0e56d2839ec23b0b80785f17","2024-06-05T13:30:00.000","2","DRIVER",,"1748251",,"TOYOTA","PRIUS","IL","2010","NONE","PASSENGER","PERSONAL","S","STRAIGHT AHEAD",,,"1",,,,,"Y",,,,,,,,,,,,,"FRONT-RIGHT-CORNER",,,,,,,,,,,,,,,,,,,,,,,,,,,,,,,,,
"1835304","db1ad1be21cf285d5f378c8e5df06c7556aad14c622464d1fa8ee7cd8e334d4de2622cebaa9e00eeaad0c1203fffcf1b268b3e94db6da7afc6938191b4348d90","2024-06-05T13:30:00.000","1","DRIVER",,"1748248",,"FORD","TRANSIT CONNECT","IL","2022","UNKNOWN","VAN/MINI-VAN","PERSONAL","S","TURNING LEFT",,,"1",,,,,,,,,,,"N","Y",,,,,,"SIDE-LEFT-REAR",,,,,,,,,,,,,,,,,,,,,,,,,,,,,,,,,
"1835305","db1ad1be21cf285d5f378c8e5df06c7556aad14c622464d1fa8ee7cd8e334d4de2622cebaa9e00eeaad0c1203fffcf1b268b3e94db6da7afc6938191b4348d90","2024-06-05T13:30:00.000","2","DRIVER",,"1748256",,"TOYOTA","SIENNA","IL","2014","UNKNOWN","VAN/MINI-VAN","PERSONAL","S","STRAIGHT AHEAD",,,"1",,,,,"Y",,,,,,,,,,,"Y",,"FRONT-RIGHT-CORNER",,,,,,,,,,,,,,,,,,,,,,,,,,,,,,,,,
"1835342","8e13d50e43a02334059084886dee390ec6a5d711c84a48f9a2a6e0df5d1a620d10c2b3872814caddb971f0ad842f015aa9504a2c3c62d147638ea55f7bdf601f","2024-06-05T13:15:00.000","1","DRIVER",,"1748274",,"HONDA","CIVIC","IL","2018","NONE","PASSENGER","OTHER","E","STRAIGHT AHEAD",,,"1",,,,,"Y",,,,,,,,,,"Y","Y",,"FRONT",,,,,,,,,,,,,,,,,,,,,,,,,,,,,,,,,
"1835343","8e13d50e43a02334059084886dee390ec6a5d711c84a48f9a2a6e0df5d1a620d10c2b3872814caddb971f0ad842f015aa9504a2c3c62d147638ea55f7bdf601f","2024-06-05T13:15:00.000","2","DRIVER",,"1748280",,"KIA","SOUL","IL","2024","NONE","SPORT UTILITY VEHICLE (SUV)","PERSONAL","N","STRAIGHT AHEAD","Y",,"1",,"emergency towing","7500 s western",,,,,,,,"Y","Y","Y","Y","Y",,,"SIDE-LEFT",,,,,,,,,,,,,,,,,,,,,,,,,,,,,,,,,
"1835333","f4fbed5c9e85dfd7466de4ddecd8998d4ea8d88d6d98272441eb1ceadab26dee57b0b159ac819e345493f20f142350e56f98425463111e1ab96db54d7098e93f","2024-06-05T13:15:00.000","1","DRIVER",,"1748270",,"HONDA","CIVIC","IL","2016","NONE","PASSENGER","PERSONAL","N","CHANGING LANES",,,"1",,,,,,,,,"Y",,,,,,,,,"REAR-RIGHT-CORNER",,,,,,,,,,,,,,,,,,,,,,,,,,,,,,,,,
"1835334","f4fbed5c9e85dfd7466de4ddecd8998d4ea8d88d6d98272441eb1ceadab26dee57b0b159ac819e345493f20f142350e56f98425463111e1ab96db54d7098e93f","2024-06-05T13:15:00.000","2","DRIVER",,"1748277",,"TOYOTA","CAMRY","IL","2015","NONE","PASSENGER","TAXI/FOR HIRE","N","STRAIGHT AHEAD",,,"1",,,,,,,,,,,,,,,"Y",,,"FRONT-LEFT-CORNER",,,,,,,,,,,,,,,,,,,,,,,,,,,,,,,,,
"1835283","834cdd4aedb3eeca0b99f3bf3a1e2fc7d8e2f4bba181eb36bbdbb960ce86ca6025aa32dd37e310189390a4e1a865df176a917a429222d61ef09804fb16631206","2024-06-05T13:05:00.000","1","DRIVER",,"1748223",,"ACURA","TLX","IL","2024","NONE","PASSENGER","PERSONAL","N","TURNING LEFT",,,"1",,,,,,,,,,,,,,,,"Y",,"FRONT",,,,,,,,,,,,,,,,,,,,,,,,,,,,,,,,,
"1835284","834cdd4aedb3eeca0b99f3bf3a1e2fc7d8e2f4bba181eb36bbdbb960ce86ca6025aa32dd37e310189390a4e1a865df176a917a429222d61ef09804fb16631206","2024-06-05T13:05:00.000","2","DRIVER",,"1748228",,"FORD","EXPLORER","IL","2017","NONE","SPORT UTILITY VEHICLE (SUV)","PERSONAL","N","STRAIGHT AHEAD",,,"1",,,,,,,,,,,"Y","Y","Y",,,,,"SIDE-LEFT",,,,,,,,,,,,,,,,,,,,,,,,,,,,,,,,,
"1835487","411278d4c40dfc2caa5542901d74caabf93dca2e0463a8b612299ab068ceecedbe89d70f9b05c065a12ed9b7aa56d3b3475835d8e39b15fa1ae77d9b9ae0f0bb","2024-06-05T13:00:00.000","1","DRIVER",,"1748433",,"TOYOTA","SIENNA","IL","2004","UNKNOWN","VAN/MINI-VAN","UNKNOWN/NA","N","CHANGING LANES",,,"1",,,,,,,,,,,,,,,"Y",,"Y","FRONT-LEFT-CORNER",,,,,,,,,,,,,,,,,,,,,,,,,,,,,,,,,
"1835488","411278d4c40dfc2caa5542901d74caabf93dca2e0463a8b612299ab068ceecedbe89d70f9b05c065a12ed9b7aa56d3b3475835d8e39b15fa1ae77d9b9ae0f0bb","2024-06-05T13:00:00.000","2","DRIVER",,"1748451",,"NISSAN","MURANO","IL","2023","UNKNOWN","SPORT UTILITY VEHICLE (SUV)","PERSONAL","N","STRAIGHT AHEAD",,,"1",,,,,"N","Y","Y","Y","N",,,,,,,,,"SIDE-RIGHT-FRONT",,,,,,,,,,,,,,,,,,,,,,,,,,,,,,,,,
"1835259","8fe62a237b7e52487b51ec7e0a29f155ad0f1aee62596e6cef2eb639743d6c97f3f7b3198ee1b874ac8a70a13b51306006d98410c26e10330cc85cc4c4aafd10","2024-06-05T13:00:00.000","1","DRIVER",,"1748198",,"TOYOTA","COROLLA","IL","2010","UNKNOWN","PASSENGER","PERSONAL","E","STRAIGHT AHEAD",,,"1",,,,,"Y",,,,,,,,,,"Y","Y",,"FRONT",,,,,,,,,,,,,,,,,,,,,,,,,,,,,,,,,
"1835260","8fe62a237b7e52487b51ec7e0a29f155ad0f1aee62596e6cef2eb639743d6c97f3f7b3198ee1b874ac8a70a13b51306006d98410c26e10330cc85cc4c4aafd10","2024-06-05T13:00:00.000","2","DRIVER",,"1748204",,"JEEP","CHEROKEE","IL","2018","UNKNOWN","SPORT UTILITY VEHICLE (SUV)","PERSONAL","E","STRAIGHT AHEAD",,,"1",,,,,,,,,"Y","Y","Y",,,,,,,"REAR",,,,,,,,,,,,,,,,,,,,,,,,,,,,,,,,,
"1835257","c0386a5973a7e216d129249afc539d78a5b187836214d3f2b72b7023858305c7c328002faea51de3faf2ce1b1b5e2363524767522954d5d9e05ed331ceb5d6c3","2024-06-05T13:00:00.000","1","DRIVER",,"1748197",,"TOYOTA","COROLLA","IL","2022","NONE","PASSENGER","PERSONAL","E","STRAIGHT AHEAD",,,"1",,,,,"Y",,,,,,,,,,,"Y",,"FRONT-RIGHT-CORNER",,,,,,,,,,,,,,,,,,,,,,,,,,,,,,,,,
"1835258","c0386a5973a7e216d129249afc539d78a5b187836214d3f2b72b7023858305c7c328002faea51de3faf2ce1b1b5e2363524767522954d5d9e05ed331ceb5d6c3","2024-06-05T13:00:00.000","2","DRIVER",,"1748206",,"CHEVROLET","BLAZER","IL","2000","NONE","PASSENGER","PERSONAL","N","STRAIGHT AHEAD",,,"1",,,,,,,,,,,,,,,"Y","Y",,"FRONT-LEFT-CORNER",,,,,,,,,,,,,,,,,,,,,,,,,,,,,,,,,
"1835261","ddcb8b2f655b55514b9bd5e699ab0f3442bf3301f42676a23936a5eb4b01d6687d3ca3fd35c8c9dae95b8758f13aeec2f4a6d117acaf8ae6ea3fd90d770326d8","2024-06-05T12:43:00.000","1","DRIVER",,"1748200",,"FORD","OTHER (EXPLAIN IN NARRATIVE)","IL","2016","UNKNOWN","UNKNOWN/NA","UNKNOWN/NA","W","STRAIGHT AHEAD",,,"1",,,,,,,,,,,,,,,,,"Y","UNKNOWN",,,,,,,,,,,,,,,,,,,,,,,,,,,,,,,,,
"1835262","ddcb8b2f655b55514b9bd5e699ab0f3442bf3301f42676a23936a5eb4b01d6687d3ca3fd35c8c9dae95b8758f13aeec2f4a6d117acaf8ae6ea3fd90d770326d8","2024-06-05T12:43:00.000","2","PARKED",,"1748205",,"FORD","FUSION","IL","2017","NONE","PASSENGER","PERSONAL","N","PARKED",,,"0",,,,,"Y","Y","Y","Y","Y",,,,,,,,,"UNKNOWN",,,,,,,,,,,,,,,,,,,,,,,,,,,,,,,,,
"1835296","49158da4d4b3b6d590f4cdbaf40d7ab5ac768c54c84cc747b33c8693b53fd5eb53dcd6735000da035be11e53ceec108b7338555abe7c3355b6b04095634e8fbe","2024-06-05T12:30:00.000","1","DRIVER",,"1748229",,"UNKNOWN","OTHER (EXPLAIN IN NARRATIVE)",,,"UNKNOWN","UNKNOWN/NA","UNKNOWN/NA","UNKNOWN","UNKNOWN/NA",,,"1",,,,,,,,,,,,,,,,,"Y","UNKNOWN",,,,,,,,,,,,,,,,,,,,,,,,,,,,,,,,,
"1835297","49158da4d4b3b6d590f4cdbaf40d7ab5ac768c54c84cc747b33c8693b53fd5eb53dcd6735000da035be11e53ceec108b7338555abe7c3355b6b04095634e8fbe","2024-06-05T12:30:00.000","2","PARKED",,"1748234",,"TOYOTA","CAMRY","IL","2007","NONE","PASSENGER","PERSONAL","E","PARKED",,,"0",,,,,,,,,,,,,"Y","Y",,,,"SIDE-LEFT",,,,,,,,,,,,,,,,,,,,,,,,,,,,,,,,,
"1835404","b28743d919461ad6d68fc18592d5a64b5fe1953cbf40094bb5c30ba74717eadc7250bd3c9fa72696bcaf9624c065d9315655ec073da987f9b7032703972eafa5","2024-06-05T12:30:00.000","1","DRIVER",,"1748335",,"FORD","FUSION","IL","2015","NONE","PASSENGER","PERSONAL","SE","CHANGING LANES",,,"1",,,,,"N","N",,,,,,,,"Y","Y",,,"SIDE-LEFT-FRONT",,,,,,,,,,,,,,,,,,,,,,,,,,,,,,,,,
"1835405","b28743d919461ad6d68fc18592d5a64b5fe1953cbf40094bb5c30ba74717eadc7250bd3c9fa72696bcaf9624c065d9315655ec073da987f9b7032703972eafa5","2024-06-05T12:30:00.000","2","DRIVER",,"1748345",,"MAZDA","MAZDA3","IL","2011","NONE","PASSENGER","PERSONAL","S","STRAIGHT AHEAD",,,"1",,,,,"Y","Y",,,,,,,,,,,,"SIDE-RIGHT-FRONT",,,,,,,,,,,,,,,,,,,,,,,,,,,,,,,,,
"1835288","e1ddec1e93c569ee5102398d7ed6b0e018f0ddf12ee936f8bb84d11885989d0935ef4215afec8f210df8dc2b820c76c81971c51b35d9d6c646d0cfbd5263dee6","2024-06-05T12:30:00.000","1","DRIVER",,"1748236",,"HYUNDAI","ENTOURAGE","IL","2008","UNKNOWN","VAN/MINI-VAN","PERSONAL","NW","STRAIGHT AHEAD",,,"1",,,,,"Y","Y",,,,,,,,,,,,"UNKNOWN",,,,,,,,,,,,,,,,,,,,,,,,,,,,,,,,,
"1835289","e1ddec1e93c569ee5102398d7ed6b0e018f0ddf12ee936f8bb84d11885989d0935ef4215afec8f210df8dc2b820c76c81971c51b35d9d6c646d0cfbd5263dee6","2024-06-05T12:30:00.000","2","PARKED",,"1748246",,"HACKNEY & SONS, INC,","HACKNEY & SONS, INC,","IL","2000","NONE","OTHER VEHICLE WITH TRAILER","OTHER","NW","PARKED",,,"0",,,,,,,,,,,,,,,,,"Y","REAR-LEFT-CORNER",,,,,,,,,,,,,,,,,,,,,,,,,,,,,,,,,
"1835320","e7e7cfabbb12427ec0024714edb9618fe66925f07d4c621a01a39738b728243bc1a921b8bda51cf896929cd419e17f04372ca9690d40c4cbe7a3cbec6e771257","2024-06-05T12:25:00.000","1","DRIVER",,"1748264",,"TOYOTA","RAV4",,"2018","NONE","SPORT UTILITY VEHICLE (SUV)","TAXI/FOR HIRE","S","CHANGING LANES",,,"1",,,,,,,,,,,"Y","Y",,,,,,"SIDE-LEFT-REAR",,,,,,,,,,,,,,,,,,,,,,,,,,,,,,,,,
"1835321","e7e7cfabbb12427ec0024714edb9618fe66925f07d4c621a01a39738b728243bc1a921b8bda51cf896929cd419e17f04372ca9690d40c4cbe7a3cbec6e771257","2024-06-05T12:25:00.000","2","DRIVER",,"1748275",,"DODGE","OTHER (EXPLAIN IN NARRATIVE)","IL","2014","UNKNOWN","SPORT UTILITY VEHICLE (SUV)","UNKNOWN/NA","S","STRAIGHT AHEAD",,,"1",,,,,"Y","Y",,,,,,,,,,,,"SIDE-RIGHT-FRONT",,,,,,,,,,,,,,,,,,,,,,,,,,,,,,,,,
"1835238","a81ac5d6695d006734586e31b258609a219c487d7c7785b761dfd12c408493106c5eaa8f74f0d09f807ba461d67d8c644d365a8df6268665eb77419961b87b79","2024-06-05T12:19:00.000","1",,,,,,,,,,,,,,,,,,,,,,,,,,,,,,,,,,,,,,,,,,,,,,,,,,,,,,,,,,,,,,,,,,,
"1835242","a81ac5d6695d006734586e31b258609a219c487d7c7785b761dfd12c408493106c5eaa8f74f0d09f807ba461d67d8c644d365a8df6268665eb77419961b87b79","2024-06-05T12:19:00.000","1","DRIVER",,"1748181",,"NISSAN","NV PASSENGER","IL","2018","NONE","VAN/MINI-VAN","PERSONAL","N","STRAIGHT AHEAD",,,"1",,,,,,,,,,,"Y",,,,,,,"SIDE-LEFT-REAR",,,,,,,,,,,,,,,,,,,,,,,,,,,,,,,,,
"1835243","b09c8a858c733770d5216220c7726842c045a030744db05ab4d1f7a54d30bd8b56900c6f29b1b31180be8f88b7320d1300f51c82850091c22d0b6bbf47d9e0f1","2024-06-05T12:13:00.000","1","DRIVER",,"1748189",,"HONDA","CR-V","IL","2011","NONE","PASSENGER","PERSONAL","E","STRAIGHT AHEAD",,,"1",,,,,"N",,,,,,,,,,"Y",,,"FRONT-LEFT-CORNER",,,,,,,,,,,,,,,,,,,,,,,,,,,,,,,,,