"crash_unit_id","crash_record_id","crash_date","unit_no","unit_type","num_passengers","vehicle_id","cmrc_veh_i","make","model","lic_plate_state","vehicle_year","vehicle_defect","vehicle_type","vehicle_use","travel_direction","maneuver","towed_i","fire_i","occupant_cnt","exceed_speed_limit_i","towed_by","towed_to","area_00_i","area_01_i","area_02_i","area_03_i","area_04_i","area_05_i","area_06_i","area_07_i","area_08_i","area_09_i","area_10_i","area_11_i","area_12_i","area_99_i","first_contact_point","cmv_id","usdot_no","ccmc_no","ilcc_no","commercial_src","gvwr","carrier_name","carrier_state","carrier_city","hazmat_placards_i","hazmat_name","un_no","hazmat_present_i","hazmat_report_i","hazmat_report_no","mcs_report_i","mcs_report_no","hazmat_vio_cause_crash_i","mcs_vio_cause_crash_i","idot_permit_no","wide_load_i","trailer1_width","trailer2_width","trailer1_length","trailer2_length","total_vehicle_length","axle_cnt","vehicle_config","cargo_body_type","load_type","hazmat_out_of_service_i","mcs_out_of_service_i","hazmat_class"
"1835244","b09c8a858c733770d5216220c7726842c045a030744db05ab4d1f7a54d30bd8b56900c6f29b1b31180be8f88b7320d1300f51c82850091c22d0b6bbf47d9e0f1","2024-06-05T12:13:00.000","2","DRIVER",,"1748194",,"FORD","TRANSIT","IL","2015","NONE","VAN/MINI-VAN","OTHER","S","TURNING LEFT",,,"1",,,,,"Y",,,,,,,,,,,,,"SIDE-RIGHT-FRONT",,,,,,,,,,,,,,,,,,,,,,,,,,,,,,,,,
"1835230","1445141a8d4d966fbf96c3baaf8a9f2ec285f8d3217c18465a4ac23ac011d492a85562bcacbadb8faa11607c111f3e942b5f22ee1e1f4dd7db38997e86d1b12f","2024-06-05T12:00:00.000","1","DRIVER",,"1748175",,"HONDA","CR-V","IL","2007","NONE","PASSENGER","PERSONAL","S","STRAIGHT AHEAD",,,"1",,,,,"Y",,,,,,,,,,"Y","Y",,"FRONT",,,,,,,,,,,,,,,,,,,,,,,,,,,,,,,,,
"1835231","1445141a8d4d966fbf96c3baaf8a9f2ec285f8d3217c18465a4ac23ac011d492a85562bcacbadb8faa11607c111f3e942b5f22ee1e1f4dd7db38997e86d1b12f","2024-06-05T12:00:00.000","2","DRIVER",,"1748184",,"FREIGHTLINER CORPORATION","FREIGHTLINER CORP.","IL","2021","UNKNOWN","BUS OVER 15 PASS.","SCHOOL BUS","S","SLOW/STOP IN TRAFFIC",,,"1",,,,,,,,,"Y","Y","Y",,,,,,,"REAR",,,,,,,,,,,,,,,,,,,,,,,,,,,,,,,,,
"1835357","73228a68ccaf7fde9211ce03f983adc52298f7acfc44823d53b2cf14b54c2a5704ca9485a22bb447fea59ec42fdde5a570d1a173c4f1985b2ed5f4aee8b6933f","2024-06-05T12:00:00.000","1","DRIVER",,"1748287",,"UNKNOWN","MOTORIZED",,,"UNKNOWN","UNKNOWN/NA","UNKNOWN/NA","UNKNOWN","UNKNOWN/NA",,,"1",,,,,,,,,,,,,,,,,"Y","UNKNOWN",,,,,,,,,,,,,,,,,,,,,,,,,,,,,,,,,
"1835358","73228a68ccaf7fde9211ce03f983adc52298f7acfc44823d53b2cf14b54c2a5704ca9485a22bb447fea59ec42fdde5a570d1a173c4f1985b2ed5f4aee8b6933f","2024-06-05T12:00:00.000","2","PARKED",,"1748302",,"ACURA","RLX","IL","2016","NONE","PASSENGER","NOT IN USE","S","PARKED",,,"0",,,,,"Y",,,,,,,,,,,,,"FRONT-RIGHT-CORNER",,,,,,,,,,,,,,,,,,,,,,,,,,,,,,,,,
"1835235","d1a9ca3abf29837a4a6ea040c0932cc8eaee30e1bf0a5f7aab816c5a8e700d97da677567825dc7e1c8d01af7e9b3bd027b75033f293573527027af12c2366acb","2024-06-05T12:00:00.000","1","DRIVER",,"1748192",,"FORD","TRANSIT","IL","2016","NONE","VAN/MINI-VAN","OTHER","N","PASSING/OVERTAKING","Y",,"1",,"PRIVATE","UNKNOWN",,,,,,,,,,,,"Y","Y",,"FRONT-LEFT-CORNER",,,,,,,,,,,,,,,,,,,,,,,,,,,,,,,,,
"1835236","d1a9ca3abf29837a4a6ea040c0932cc8eaee30e1bf0a5f7aab816c5a8e700d97da677567825dc7e1c8d01af7e9b3bd027b75033f293573527027af12c2366acb","2024-06-05T12:00:00.000","2","DRIVER",,"1748199",,"TOYOTA","RAV4","IL","2009","NONE","PASSENGER","PERSONAL","S","TURNING LEFT",,,"1",,,,,"Y",,,,,,,,,,"Y","Y",,"FRONT",,,,,,,,,,,,,,,,,,,,,,,,,,,,,,,,,
"1835365","e381147e24ffa3bae637430f3ce3ee1e1dc63ec5be4c0431c986da4271314717650722c85bc67729ee07c4723a1574690d48bcea0000de1ac859af066bf6ba66","2024-06-05T11:53:00.000","1","DRIVER",,"1748298",,"JEEP","LIBERTY","IL","2003","UNKNOWN","PASSENGER","PERSONAL","W","UNKNOWN/NA",,,"1",,,,,"Y",,,,,,,,,,"Y","Y",,"FRONT",,,,,,,,,,,,,,,,,,,,,,,,,,,,,,,,,
"1835375","e381147e24ffa3bae637430f3ce3ee1e1dc63ec5be4c0431c986da4271314717650722c85bc67729ee07c4723a1574690d48bcea0000de1ac859af066bf6ba66","2024-06-05T11:53:00.000","2","PARKED",,"1748303",,"CADILLAC","XT6","IL","2021","NONE","PASSENGER","PERSONAL","W","PARKED",,,"0",,,,,"Y",,,,"Y","Y","Y",,,,"Y","Y",,"REAR",,,,,,,,,,,,,,,,,,,,,,,,,,,,,,,,,
"1835298","c20f8d0a2d7162f11cddf046310c6c1430bbdb35ce1331d8480f03fc735c548189b0373b49aacb34b88038fd478d12ed776ae9f2e1e7522e435ae80389de795e","2024-06-05T11:50:00.000","1","DRIVER",,"1748238",,"HYUNDAI","ELANTRA","IL","2010","NONE","PASSENGER","UNKNOWN/NA","E","BACKING",,,"1",,,,,"Y","Y",,"Y","Y",,,,,,,,,"SIDE-RIGHT",,,,,,,,,,,,,,,,,,,,,,,,,,,,,,,,,
"1835299","c20f8d0a2d7162f11cddf046310c6c1430bbdb35ce1331d8480f03fc735c548189b0373b49aacb34b88038fd478d12ed776ae9f2e1e7522e435ae80389de795e","2024-06-05T11:50:00.000","2","PARKED",,"1748247",,"INFINITI","OTHER (EXPLAIN IN NARRATIVE)","IL","2012","NONE","SPORT UTILITY VEHICLE (SUV)","NOT IN USE","W","PARKED",,,"0",,,,,,,,,,,"Y","Y","Y","Y","Y",,,"SIDE-LEFT",,,,,,,,,,,,,,,,,,,,,,,,,,,,,,,,,
"1835271","c9072322b0636c3fabab0e8561157a98c88d97c0fe42b94cc605c93c24e49783bf80692926a436f7074bfd8162c13ebe631a7584da285a8a1a32c95b6d3454ef","2024-06-05T11:50:00.000","1","DRIVER",,"1748220",,"UNKNOWN","OTHER (EXPLAIN IN NARRATIVE)","IN",,"UNKNOWN","UNKNOWN/NA","UNKNOWN/NA","W","MERGING",,,"1",,,,,,,,,,,,,,,,,"Y","UNKNOWN",,,,,,,,,,,,,,,,,,,,,,,,,,,,,,,,,
"1835272","c9072322b0636c3fabab0e8561157a98c88d97c0fe42b94cc605c93c24e49783bf80692926a436f7074bfd8162c13ebe631a7584da285a8a1a32c95b6d3454ef","2024-06-05T11:50:00.000","2","DRIVER",,"1748227",,"FORD","FUSION","IL","2011","UNKNOWN","UNKNOWN/NA","UNKNOWN/NA","W","STRAIGHT AHEAD",,,"1",,,,,,,,,,,,,"Y","Y","Y",,,"SIDE-LEFT",,,,,,,,,,,,,,,,,,,,,,,,,,,,,,,,,
"1835361","236966b5eb439427ac70fdd3b01f20f9757ec3f7fd2264eae58dd06291fa11c453c91f186951a24af15aeedbe600b0f7f7b5e34089c2113c9d890b3f051bb43a","2024-06-05T11:40:00.000","1","DRIVER","1","1748307",,"CHEVROLET","COBALT","IL","2007","NONE","PASSENGER","PERSONAL","S","STRAIGHT AHEAD",,,"2",,,,,,,,,,,,,,,,"Y",,"FRONT",,,,,,,,,,,,,,,,,,,,,,,,,,,,,,,,,
"1835362","236966b5eb439427ac70fdd3b01f20f9757ec3f7fd2264eae58dd06291fa11c453c91f186951a24af15aeedbe600b0f7f7b5e34089c2113c9d890b3f051bb43a","2024-06-05T11:40:00.000","2","DRIVER",,"1748299",,"FORD","TAURUS","IL","2016","NONE","SPORT UTILITY VEHICLE (SUV)","PERSONAL","W","STRAIGHT AHEAD","Y",,"1",,"private tow","3736 w 70",,,,"Y","Y","Y",,,,,,,,,"REAR-RIGHT-CORNER",,,,,,,,,,,,,,,,,,,,,,,,,,,,,,,,,
"1835251","5abeff7e04fbdc04f8281fdeead4f261da702e5331b0220cadaeb80e3508b1c0f5d12da5653381ed5d00d1f9631ea9def65440421c1a0f72164e9dd2c3b2c989","2024-06-05T11:40:00.000","1","DRIVER",,"1748191",,"BUICK","RENDEZVOUS","IL","2007","UNKNOWN","PASSENGER","PERSONAL","N","PASSING/OVERTAKING",,,"1",,,,,,,,,,,,,,,"Y",,,"FRONT-LEFT-CORNER",,,,,,,,,,,,,,,,,,,,,,,,,,,,,,,,,
"1835252","5abeff7e04fbdc04f8281fdeead4f261da702e5331b0220cadaeb80e3508b1c0f5d12da5653381ed5d00d1f9631ea9def65440421c1a0f72164e9dd2c3b2c989","2024-06-05T11:40:00.000","2","DRIVER",,"1748195",,"NISSAN","MURANO","IL","2006","UNKNOWN","PASSENGER","PERSONAL","N","STRAIGHT AHEAD",,,"1",,,,,"Y",,,,,,,,,,,,,"REAR-RIGHT-CORNER",,,,,,,,,,,,,,,,,,,,,,,,,,,,,,,,,
"1835245","781eb0f86795951fd911c7b9a38d7de23b7e41702e68c8e2a9a5401c71f70f5b4a3e708f07f166aecfb4a62e2402ed26f1c2fa1c4ce722247d0c2f48f6d72919","2024-06-05T11:40:00.000","1","DRIVER",,"1748203",,"DODGE","CARAVAN","IL","2017","NONE","VAN/MINI-VAN","PERSONAL","SW","TURNING RIGHT",,,"1",,,,"Y",,,,,,,,,,,,,,"FRONT-RIGHT-CORNER",,,,,,,,,,,,,,,,,,,,,,,,,,,,,,,,,
"1835246","781eb0f86795951fd911c7b9a38d7de23b7e41702e68c8e2a9a5401c71f70f5b4a3e708f07f166aecfb4a62e2402ed26f1c2fa1c4ce722247d0c2f48f6d72919","2024-06-05T11:40:00.000","2","BICYCLE",,,,,,,,,,,,,,,,,,,,,,,,,,,,,,,,,,,,,,,,,,,,,,,,,,,,,,,,,,,,,,,,,,
"1835239","4c5db03f05e3a8c9e64d9f13bc168881fa231d5c585aa96f19055baf6781d3a24b3f0c981869f051622398a2458f60d397b53ab7deea9d0af033bd403b35239b","2024-06-05T11:30:00.000","1","DRIVER",,"1748182",,"TOYOTA","OTHER (EXPLAIN IN NARRATIVE)","IL",,"NONE","PASSENGER","PERSONAL","S","STRAIGHT AHEAD",,,"1",,,,,,,,,,,,,,,,,"Y","UNKNOWN",,,,,,,,,,,,,,,,,,,,,,,,,,,,,,,,,
"1835240","4c5db03f05e3a8c9e64d9f13bc168881fa231d5c585aa96f19055baf6781d3a24b3f0c981869f051622398a2458f60d397b53ab7deea9d0af033bd403b35239b","2024-06-05T11:30:00.000","2","PARKED",,"1748187",,"JEEP","CHEROKEE","IL","2015","NONE","SPORT UTILITY VEHICLE (SUV)","PERSONAL","S","PARKED",,,"0",,,,,,,,,,,,"Y","Y",,,,,"SIDE-LEFT",,,,,,,,,,,,,,,,,,,,,,,,,,,,,,,,,
"1835277","0f44e0fe6041e235ef4a849435c1323bff5cb1374d3690b8c636cef8f3de64500c2e99494c64103a3844e07b505429180ebcee2abcf848796cf59ae03e5c9cd4","2024-06-05T11:12:00.000","1","DRIVER",,"1748218",,"YAMAHA","OTHER (EXPLAIN IN NARRATIVE)","IN","2003","UNKNOWN","MOTORCYCLE (OVER 150CC)","PERSONAL","N","STRAIGHT AHEAD","Y",,"1",,"CITY OF CHICAGO",,,"Y",,,,,,,,,,"Y","Y",,"FRONT",,,,,,,,,,,,,,,,,,,,,,,,,,,,,,,,,
"1835278","0f44e0fe6041e235ef4a849435c1323bff5cb1374d3690b8c636cef8f3de64500c2e99494c64103a3844e07b505429180ebcee2abcf848796cf59ae03e5c9cd4","2024-06-05T11:12:00.000","2","DRIVER",,"1748224",,"GENERAL MOTORS CORPORATION (GMC)","ACADIA","IL","2017","UNKNOWN","PASSENGER","PERSONAL","S","STRAIGHT AHEAD",,,"1",,,,,,,,,,,,,,"Y","Y","Y",,"FRONT-LEFT-CORNER",,,,,,,,,,,,,,,,,,,,,,,,,,,,,,,,,
"1835184","022b64f986dee7635acef6d60c67072db337613711ba9b5092b1cfb647cd12d891e44a986cf80af41b096abddfa5838f05cbdfc04d4c5a333e4669fbdb8de866","2024-06-05T11:05:00.000","1","DRIVER",,"1748128",,"FORD","OTHER (EXPLAIN IN NARRATIVE)","IL",,"NONE","VAN/MINI-VAN","COMMERCIAL - SINGLE UNIT","W","STRAIGHT AHEAD",,,"1",,,,,,,,,,,,,,,,"Y",,"FRONT",,,,,,,,,,,,,,,,,,,,,,,,,,,,,,,,,
"1835185","022b64f986dee7635acef6d60c67072db337613711ba9b5092b1cfb647cd12d891e44a986cf80af41b096abddfa5838f05cbdfc04d4c5a333e4669fbdb8de866","2024-06-05T11:05:00.000","2","DRIVER",,"1748134",,"CHEVROLET","OTHER (EXPLAIN IN NARRATIVE)","IL","2022","NONE","PICKUP","COMMERCIAL - MULTI-UNIT","W","SLOW/STOP IN TRAFFIC",,,"1",,,,,,,,,,"Y",,,,,,,,"REAR",,,,,,,,,,,,,,,,,,,,,,,,,,,,,,,,,
"1835324","c6023a6e85560ec40e3aeda129f5904a5b240decb55481ff1267aa92bbea309848578864a283692683e047ae722ea477dcd9df4c12cdce22d240d56923b9f7bd","2024-06-05T11:00:00.000","1","DRIVER",,"1748323",,"VOLVO","OTHER (EXPLAIN IN NARRATIVE)","IL","2018","UNKNOWN","PASSENGER","UNKNOWN/NA","UNKNOWN","UNKNOWN/NA",,,"1",,,,,,,,,,,,,,,"Y",,,"SIDE-LEFT",,,,,,,,,,,,,,,,,,,,,,,,,,,,,,,,,
"1835325","c6023a6e85560ec40e3aeda129f5904a5b240decb55481ff1267aa92bbea309848578864a283692683e047ae722ea477dcd9df4c12cdce22d240d56923b9f7bd","2024-06-05T11:00:00.000","2","DRIVER",,"1748334",,"HONDA","OTHER (EXPLAIN IN NARRATIVE)","IL","2013","UNKNOWN","PASSENGER","PERSONAL","S","STRAIGHT AHEAD",,,"1",,,,,"Y","Y","Y","Y","Y",,,,,,,,,"SIDE-RIGHT",,,,,,,,,,,,,,,,,,,,,,,,,,,,,,,,,
"1835340","cd914fd09b626f02733589c3b75ad20318202de2b4113fe7f7a3306d14e52c58602d354f0fd0591aab78a7c190994484c2b9cb5d4d0ff93e977fd5fdc3b6994b","2024-06-05T10:18:00.000","1","DRIVER",,"1748276",,"CADILLAC","XT5","IL","2019","NONE","SPORT UTILITY VEHICLE (SUV)","PERSONAL","E","STRAIGHT AHEAD",,,"1",,,,,,,,,,,,,,,,"Y",,"FRONT",,,,,,,,,,,,,,,,,,,,,,,,,,,,,,,,,
"1835341","cd914fd09b626f02733589c3b75ad20318202de2b4113fe7f7a3306d14e52c58602d354f0fd0591aab78a7c190994484c2b9cb5d4d0ff93e977fd5fdc3b6994b","2024-06-05T10:18:00.000","2","DRIVER",,"1748282",,"VOLKSWAGEN","TIGUAN","IL","2011","NONE","PASSENGER","PERSONAL","S","STRAIGHT AHEAD",,,"1",,,,,,,"Y",,,,,,,,,,,"SIDE-RIGHT",,,,,,,,,,,,,,,,,,,,,,,,,,,,,,,,,
"1835140","15b49a81de5d695b9b53682e4ee78034a78aaed86892a7df585d106d2ebb253db7af30e3559176db80156f62c933ea86c1ec0818734662642fa5bb5961da18ea","2024-06-05T10:15:00.000","1","DRIVER",,"1748091",,"TOYOTA","SIENNA","IL","2014","UNKNOWN","VAN/MINI-VAN","UNKNOWN/NA","W","BACKING",,,"1",,,,,,,,,,"Y",,,,,,,,"REAR",,,,,,,,,,,,,,,,,,,,,,,,,,,,,,,,,
"1835141","15b49a81de5d695b9b53682e4ee78034a78aaed86892a7df585d106d2ebb253db7af30e3559176db80156f62c933ea86c1ec0818734662642fa5bb5961da18ea","2024-06-05T10:15:00.000","2","DRIVER","1","1748096",,"MERCEDES-BENZ","OTHER (EXPLAIN IN NARRATIVE)","IL","2023","NONE","VAN/MINI-VAN","UNKNOWN/NA","N","SLOW/STOP IN TRAFFIC",,,"2",,,,,,"Y","Y","Y",,,,,,,,,,"SIDE-RIGHT",,,,,,,,,,,,,,,,,,,,,,,,,,,,,,,,,
"1835148","a7a10a45525662183011d26c6988509742491658ecf3eba3ca33e67874f849631c4596b606f3847de2d361039b1d3b59842382afad48cad9af639d65fbe1beb4","2024-06-05T10:15:00.000","1","DRIVER",,"1748098",,"LAND ROVER","RANGE ROVER (EVOQUE / SPORT / VELAR)","IL","2021","NONE","PASSENGER","PERSONAL","W","STRAIGHT AHEAD",,,"1",,,,,"Y",,,,,,,,,,,,,"FRONT-RIGHT-CORNER",,,,,,,,,,,,,,,,,,,,,,,,,,,,,,,,,
"1835149","a7a10a45525662183011d26c6988509742491658ecf3eba3ca33e67874f849631c4596b606f3847de2d361039b1d3b59842382afad48cad9af639d65fbe1beb4","2024-06-05T10:15:00.000","2","DRIVERLESS",,"1748106",,"CHEVROLET","TRAIL BLAZER","FL","2024","UNKNOWN","PASSENGER","OTHER","W","PARKED",,,"0",,,,,,,,,,"Y","Y",,,,,,,"REAR-LEFT-CORNER",,,,,,,,,,,,,,,,,,,,,,,,,,,,,,,,,
"1835150","bfe6c53a2a60853825b44227997e5ffc9965ecf73b0782bc53771b75b2269a6efe25e64f15da6c51891adb4ced7b00afc28f2bc61b12fc611f67c76785ea3457","2024-06-05T10:11:00.000","1","DRIVER",,"1748104",,"CHEVROLET","CRUZE","IL","2017","UNKNOWN","PASSENGER","PERSONAL","N","PASSING/OVERTAKING",,,"1",,,,,,"Y","Y","Y",,,,,,,,,,"SIDE-RIGHT",,,,,,,,,,,,,,,,,,,,,,,,,,,,,,,,,
"1835151","bfe6c53a2a60853825b44227997e5ffc9965ecf73b0782bc53771b75b2269a6efe25e64f15da6c51891adb4ced7b00afc28f2bc61b12fc611f67c76785ea3457","2024-06-05T10:11:00.000","2","PARKED","1","1748113","Y","NOVA BUS","LFS","IL","2023","UNKNOWN","BUS OVER 15 PASS.","CTA","N","PARKED IN TRAFFIC LANE",,,"1",,,,,,,,,,,"N","Y","Y",,,,,"SIDE-LEFT","19397",,,,,,,,,,,,,,,,,,,,,,,,,,,"BUS","BUS","OTHER",,,
"1835162","3ce54737d09fb92ac0e3224a397df1d610e0f8ec77a1a2c217fc0c8d282eb5911c8b3cf193101404fa6b8a2767706d7e5052b2e37c56fcca9cbcec6201ddc1d4","2024-06-05T10:10:00.000","1","DRIVER",,"1748118",,"HONDA","ACCORD","IL","2007","NONE","PASSENGER","PERSONAL","E","BACKING",,,"1",,,,,,,,,,"Y",,,,,,,,"REAR",,,,,,,,,,,,,,,,,,,,,,,,,,,,,,,,,
"1835163","3ce54737d09fb92ac0e3224a397df1d610e0f8ec77a1a2c217fc0c8d282eb5911c8b3cf193101404fa6b8a2767706d7e5052b2e37c56fcca9cbcec6201ddc1d4","2024-06-05T10:10:00.000","2","DRIVER",,"1748121",,"TOYOTA","COROLLA","IL","2009","NONE","PASSENGER","PERSONAL","E","OTHER",,,"1",,,,,,,,,,,,,,,,"Y",,"FRONT",,,,,,,,,,,,,,,,,,,,,,,,,,,,,,,,,
"1835188","15ae421560ce99960fa10ce2277d72ebb59659d8d4b8dfbba88491eec90e0c958fb0571358e96fdb14edaf69c8ba419f4ef4064bb9097ee739bfd4836ab0f1d1","2024-06-05T10:04:00.000","1","DRIVER",,"1748135",,"TOYOTA","TACOMA","IL","2019","NONE","PICKUP","PERSONAL","E","STRAIGHT AHEAD","Y",,"1",,"PRIVATE","UNKNOWN",,"Y","Y",,,,,,,,,,,,"FRONT-RIGHT-CORNER",,,,,,,,,,,,,,,,,,,,,,,,,,,,,,,,,
"1835189","15ae421560ce99960fa10ce2277d72ebb59659d8d4b8dfbba88491eec90e0c958fb0571358e96fdb14edaf69c8ba419f4ef4064bb9097ee739bfd4836ab0f1d1","2024-06-05T10:04:00.000","2","DRIVER",,"1748148",,"CADILLAC","ESCALADE","IL","2019","NONE","PASSENGER","PERSONAL","N","STRAIGHT AHEAD","Y",,"1",,"PRIVATE","UNKNOWN",,,,,,,,,,,"Y","Y","Y",,"FRONT",,,,,,,,,,,,,,,,,,,,,,,,,,,,,,,,,
"1835222","783b088c8bff6c0d111bbb7c1cc5062b9c0ef45fd1f25387456441098dc174adf8cec127a9339d930d4d71e9b3c1c0a63c6cb9f71f5dd68eba63a80e54717329","2024-06-05T10:00:00.000","1","DRIVER",,"1748162",,"UNKNOWN","OTHER (EXPLAIN IN NARRATIVE)",,,"OTHER","PASSENGER","UNKNOWN/NA","W","ENTER FROM DRIVE/ALLEY",,,"1",,,,"Y",,,,,,,,,,,,,,"UNKNOWN",,,,,,,,,,,,,,,,,,,,,,,,,,,,,,,,,
"1835223","783b088c8bff6c0d111bbb7c1cc5062b9c0ef45fd1f25387456441098dc174adf8cec127a9339d930d4d71e9b3c1c0a63c6cb9f71f5dd68eba63a80e54717329","2024-06-05T10:00:00.000","2","BICYCLE",,,,,,,,,,,,,,,,,,,,,,,,,,,,,,,,,,,,,,,,,,,,,,,,,,,,,,,,,,,,,,,,,,
"1835109","6333c86aefacf735e27e3168fa87bd610180f2cc54325dd431465c796e013836a89faaecee2cafda1610f7b0218ad18ee62033f870b1f4513cf67a9bee8910a1","2024-06-05T09:55:00.000","1","DRIVER","1","1748061",,"UNKNOWN","OTHER (EXPLAIN IN NARRATIVE)","IL",,"UNKNOWN","MOPED OR MOTORIZED BICYCLE","UNKNOWN/NA","W","TURNING RIGHT","Y",,"2",,"CPD",,,"Y",,,,,,,,,,"Y","Y",,"FRONT",,,,,,,,,,,,,,,,,,,,,,,,,,,,,,,,,
"1835110","6333c86aefacf735e27e3168fa87bd610180f2cc54325dd431465c796e013836a89faaecee2cafda1610f7b0218ad18ee62033f870b1f4513cf67a9bee8910a1","2024-06-05T09:55:00.000","2","DRIVER","1","1748055",,"DODGE","RAM 1500 VAN","IL","2020","UNKNOWN","VAN/MINI-VAN","UNKNOWN/NA","W","TURNING RIGHT",,,"2",,,,,"Y","Y","Y","Y","Y","Y",,,,,,"Y",,"SIDE-RIGHT",,,,,,,,,,,,,,,,,,,,,,,,,,,,,,,,,
"1835121","c8470c28509747583009cc849e0d83216892981b5f0e3b57524eb2bb3ea95a515470ebbeff2b977204e3dc747f62384bf11e855ba28eaaf17588ba4b23590c19","2024-06-05T09:45:00.000","1","DRIVER",,"1748065",,"JEEP","COMPASS","IL","2018","NONE","PASSENGER","PERSONAL","N","STRAIGHT AHEAD",,,"1",,,,,,,,,,,,,,"Y","Y",,,"FRONT-LEFT-CORNER",,,,,,,,,,,,,,,,,,,,,,,,,,,,,,,,,
"1835122","c8470c28509747583009cc849e0d83216892981b5f0e3b57524eb2bb3ea95a515470ebbeff2b977204e3dc747f62384bf11e855ba28eaaf17588ba4b23590c19","2024-06-05T09:45:00.000","2","DRIVER",,"1748075",,"NOVA BUS","RTS","IL","2023","NONE","BUS OVER 15 PASS.","CTA","N","STRAIGHT AHEAD",,,"1",,,,,,"Y",,,,,,,,,,,,"FRONT-RIGHT-CORNER",,,,,,,,,,,,,,,,,,,,,,,,,,,,,,,,,
"1835146","ad52bac4da9c53ddf9722e62f1a35fb5f8af12111eb80684e052561c6292a540c093870044e86ebb071e214c61cc4f38b8fabd6a9bdb1e9d6da2d03d94e398ee","2024-06-05T09:43:00.000","1","DRIVER",,"1748094",,"HONDA","CIVIC","IL","2008","UNKNOWN","PASSENGER","UNKNOWN/NA","E","TURNING RIGHT","Y",,"1",,"STATE POLICE","UNKNOWN",,"Y",,,,,,,,,,"Y","Y",,"FRONT",,,,,,,,,,,,,,,,,,,,,,,,,,,,,,,,,
"1835147","ad52bac4da9c53ddf9722e62f1a35fb5f8af12111eb80684e052561c6292a540c093870044e86ebb071e214c61cc4f38b8fabd6a9bdb1e9d6da2d03d94e398ee","2024-06-05T09:43:00.000","2","DRIVER",,"1748107",,"TOYOTA","TACOMA","IL","2022","UNKNOWN","PICKUP","PERSONAL","N","STRAIGHT AHEAD","Y",,"1",,"PRIVATE TOW","UNKNOWN",,,,,,,,"Y","Y","Y","Y","Y",,,"SIDE-LEFT",,,,,,,,,,,,,,,,,,,,,,,,,,,,,,,,,
"1835123","2476af9f9692a88c838da0fcb2454782e680f308f7c7bbd4aa3162fdc6df84ef1ece383392e4dfedb39457933e8e157f91d11af96c3fe9f55cd97026cdfb7af9","2024-06-05T09:38:00.000","1","DRIVER",,"1748066",,"CHEVROLET","MALIBU","IL","2015","UNKNOWN","PASSENGER","PERSONAL","W","SKIDDING/CONTROL LOSS","Y",,"1",,"UNKNOWN","UNKNOWN",,"Y","Y",,,,,,,"Y","Y","Y","Y",,"FRONT-LEFT-CORNER",,,,,,,,,,,,,,,,,,,,,,,,,,,,,,,,,
"1835124","2476af9f9692a88c838da0fcb2454782e680f308f7c7bbd4aa3162fdc6df84ef1ece383392e4dfedb39457933e8e157f91d11af96c3fe9f55cd97026cdfb7af9","2024-06-05T09:38:00.000","2","PARKED",,"1748071",,"TOYOTA","SIENNA","IL","2015","UNKNOWN","VAN/MINI-VAN","NOT IN USE","UNKNOWN","PARKED",,,"0",,,,,,,,,"Y","Y","Y","Y","Y","Y",,,,"SIDE-LEFT",,,,,,,,,,,,,,,,,,,,,,,,,,,,,,,,,
"1835127","b48fb0ce4b2082e32098020bd8217f20f6149ad54073f031a49d227fc72762fb847341d8f570886ab91d8741fa550b355b5b045c4953ac9d56917e234be689ca","2024-06-05T09:30:00.000","1","DRIVER",,"1748079",,"UNKNOWN","MOTORIZED",,,"UNKNOWN","UNKNOWN/NA","UNKNOWN/NA","UNKNOWN","UNKNOWN/NA",,,"1",,,,,,,,,,,,,,,,,"Y","UNKNOWN",,,,,,,,,,,,,,,,,,,,,,,,,,,,,,,,,
"1835128","b48fb0ce4b2082e32098020bd8217f20f6149ad54073f031a49d227fc72762fb847341d8f570886ab91d8741fa550b355b5b045c4953ac9d56917e234be689ca","2024-06-05T09:30:00.000","2","PARKED",,"1748082",,"HONDA","HR-V","IL","2020","UNKNOWN","PASSENGER","PERSONAL","UNKNOWN","PARKED",,,"0",,,,,,,,,,,,,"Y",,,,,"SIDE-LEFT",,,,,,,,,,,,,,,,,,,,,,,,,,,,,,,,,
"1835199","178330f45436eb8b522c63d7d1da6ad7cf88ab79710565d0311de04cfda9f74bc86f4090ae72ae182020bcc61aec7137e7410ada6c915d58436748ff55f4533c","2024-06-05T09:23:00.000","1","DRIVER",,"1748144",,"FORD","F150","IL",,"UNKNOWN","PICKUP","PERSONAL","S","TURNING LEFT",,,"1",,,,,"Y","Y",,,,,,,,,,,,"SIDE-RIGHT-FRONT",,,,,,,,,,,,,,,,,,,,,,,,,,,,,,,,,
"1835200","178330f45436eb8b522c63d7d1da6ad7cf88ab79710565d0311de04cfda9f74bc86f4090ae72ae182020bcc61aec7137e7410ada6c915d58436748ff55f4533c","2024-06-05T09:23:00.000","2","DRIVER",,"1748151",,"NISSAN","VERSA","IL","2021","UNKNOWN","PASSENGER","PERSONAL","W","TURNING RIGHT",,,"1",,,,,,,,,,,,,,,"Y",,,"SIDE-LEFT-FRONT",,,,,,,,,,,,,,,,,,,,,,,,,,,,,,,,,