"crash_unit_id","crash_record_id","crash_date","unit_no","unit_type","num_passengers","vehicle_id","cmrc_veh_i","make","model","lic_plate_state","vehicle_year","vehicle_defect","vehicle_type","vehicle_use","travel_direction","maneuver","towed_i","fire_i","occupant_cnt","exceed_speed_limit_i","towed_by","towed_to","area_00_i","area_01_i","area_02_i","area_03_i","area_04_i","area_05_i","area_06_i","area_07_i","area_08_i","area_09_i","area_10_i","area_11_i","area_12_i","area_99_i","first_contact_point","cmv_id","usdot_no","ccmc_no","ilcc_no","commercial_src","gvwr","carrier_name","carrier_state","carrier_city","hazmat_placards_i","hazmat_name","un_no","hazmat_present_i","hazmat_report_i","hazmat_report_no","mcs_report_i","mcs_report_no","hazmat_vio_cause_crash_i","mcs_vio_cause_crash_i","idot_permit_no","wide_load_i","trailer1_width","trailer2_width","trailer1_length","trailer2_length","total_vehicle_length","axle_cnt","vehicle_config","cargo_body_type","load_type","hazmat_out_of_service_i","mcs_out_of_service_i","hazmat_class"
"1835111","968295244c5ead0a12bd3fcd141cae54f4c80ad64652e45dbac6dfee1bbac0f7b4ed1cacb8e52e51cd0ce585fd6b998af3d348f20b16571b307869f8297c7579","2024-06-05T09:22:00.000","1","DRIVER",,"1748053",,"CHEVROLET","OTHER (EXPLAIN IN NARRATIVE)",,,"UNKNOWN","PASSENGER","PERSONAL","E","UNKNOWN/NA",,,"1",,,,,,,,,,,,,,,,,"Y","UNKNOWN",,,,,,,,,,,,,,,,,,,,,,,,,,,,,,,,,
"1835112","968295244c5ead0a12bd3fcd141cae54f4c80ad64652e45dbac6dfee1bbac0f7b4ed1cacb8e52e51cd0ce585fd6b998af3d348f20b16571b307869f8297c7579","2024-06-05T09:22:00.000","2","PEDESTRIAN",,,,,,,,,,,,,,,,,,,,,,,,,,,,,,,,,,,,,,,,,,,,,,,,,,,,,,,,,,,,,,,,,,
"1835091","12ce40465009bf801341212ec35bbe50bc9dd07d9ba08d2d043b428a9f66687cc6132bce492fccf09d558ce33a0436fb09668205508592689ad31f8b731f14d0","2024-06-05T09:07:00.000","1","BICYCLE",,,,,,,,,,,,,,,,,,,,,,,,,,,,,,,,,,,,,,,,,,,,,,,,,,,,,,,,,,,,,,,,,,
"1835092","12ce40465009bf801341212ec35bbe50bc9dd07d9ba08d2d043b428a9f66687cc6132bce492fccf09d558ce33a0436fb09668205508592689ad31f8b731f14d0","2024-06-05T09:07:00.000","2","DRIVER",,"1748033",,"TOYOTA","VENZA","IL","2021","NONE","PASSENGER","UNKNOWN/NA","W","STRAIGHT AHEAD",,,"1",,,,,"Y",,,,,,,,,,"Y","Y",,"FRONT",,,,,,,,,,,,,,,,,,,,,,,,,,,,,,,,,
"1835292","10be4bee17ffbd36ea12f3dd14daa2ec7eeaf10199405b0c07e5ea4138ee35959e94bd592a3a3e10e0013f632592af4820031a3debf0557b2962602d3882bcee","2024-06-05T09:00:00.000","1","DRIVER",,"1748231",,"TOYOTA","AVALON","IL","2011","UNKNOWN","PASSENGER","PERSONAL","E","STRAIGHT AHEAD",,,"1",,,,,"Y","Y",,,,,,,,,,,,"FRONT-RIGHT-CORNER",,,,,,,,,,,,,,,,,,,,,,,,,,,,,,,,,
"1835293","10be4bee17ffbd36ea12f3dd14daa2ec7eeaf10199405b0c07e5ea4138ee35959e94bd592a3a3e10e0013f632592af4820031a3debf0557b2962602d3882bcee","2024-06-05T09:00:00.000","2","DRIVER",,"1748242",,"HONDA","ACCORD","IL","2006","NONE","PASSENGER","PERSONAL","E","STRAIGHT AHEAD",,,"1",,,,,,,,,,,"Y","Y","Y","Y",,,,"SIDE-LEFT",,,,,,,,,,,,,,,,,,,,,,,,,,,,,,,,,
"1835106","32c69e196d9edabfe2f107b687289b0b74b697a2e83577052a34c821a99f10df78601eebeef6753f5d07b60786e0b2ce6bb978a7321271b3f8039bb492e7d0ee","2024-06-05T09:00:00.000","1","DRIVER",,"1748054",,"UNKNOWN","OTHER (EXPLAIN IN NARRATIVE)","IL",,"NONE","PASSENGER","UNKNOWN/NA","S","STRAIGHT AHEAD",,,"1",,,,,"Y",,,,"Y","Y","Y",,,,"Y","Y",,"FRONT",,,,,,,,,,,,,,,,,,,,,,,,,,,,,,,,,
"1835107","32c69e196d9edabfe2f107b687289b0b74b697a2e83577052a34c821a99f10df78601eebeef6753f5d07b60786e0b2ce6bb978a7321271b3f8039bb492e7d0ee","2024-06-05T09:00:00.000","2","DRIVER",,"1748059",,"CHEVROLET","MALIBU","IL","2017","UNKNOWN","PASSENGER","PERSONAL","S","STRAIGHT AHEAD",,,"1",,,,"N",,,,,,,,,,,,,"Y","REAR",,,,,,,,,,,,,,,,,,,,,,,,,,,,,,,,,
"1835108","32c69e196d9edabfe2f107b687289b0b74b697a2e83577052a34c821a99f10df78601eebeef6753f5d07b60786e0b2ce6bb978a7321271b3f8039bb492e7d0ee","2024-06-05T09:00:00.000","3","DRIVER",,"1748070",,"LEXUS","RX350","IL","2010","UNKNOWN","PASSENGER","PERSONAL","S","STARTING IN TRAFFIC",,,"1",,,,,"Y","Y",,,,,,,,,,"Y",,"FRONT-RIGHT-CORNER",,,,,,,,,,,,,,,,,,,,,,,,,,,,,,,,,
"1835117","d4a94ea7c0cb40c5442058a2051f620d2dcb990a76caf6406aeeab3750e0be578da6bf24e06d97d8068211fc087580dc9575e9e9ba5c2e9005ac61645ac545c8","2024-06-05T09:00:00.000","1","DRIVER",,"1748069",,"FREIGHTLINER CORPORATION","FREIGHTLINER CORP.","IL","2003","NONE","TRACTOR W/ SEMI-TRAILER","COMMERCIAL - MULTI-UNIT","W","TURNING LEFT",,,"1",,,,,,,,,"Y",,,,,,,,,"REAR-RIGHT-CORNER",,,,,,,,,,,,,,,,,,,,,,,,,,,,,,,,,
"1835118","d4a94ea7c0cb40c5442058a2051f620d2dcb990a76caf6406aeeab3750e0be578da6bf24e06d97d8068211fc087580dc9575e9e9ba5c2e9005ac61645ac545c8","2024-06-05T09:00:00.000","2","PARKED",,"1748060",,"NISSAN","ROGUE","IL","2018","NONE","PASSENGER","PERSONAL","N","PARKED",,,"0",,,,,,,,,,,,,,"Y","Y",,,"FRONT-LEFT-CORNER",,,,,,,,,,,,,,,,,,,,,,,,,,,,,,,,,
"1835104","c46f81b632ecd531673a6150ee2919940903da606c47ac176d693c8fd7425ac8ef83643c3b9b72ab62c7c1a4cd179d599c73b9c994fcfb76ba79991ca577a452","2024-06-05T08:50:00.000","1","DRIVER",,"1748047",,"LINCOLN","MKS","IL","2015","NONE","PASSENGER","PERSONAL","N","BACKING",,,"1",,,,,,,,,,"Y",,,,,,,,"REAR",,,,,,,,,,,,,,,,,,,,,,,,,,,,,,,,,
"1835105","c46f81b632ecd531673a6150ee2919940903da606c47ac176d693c8fd7425ac8ef83643c3b9b72ab62c7c1a4cd179d599c73b9c994fcfb76ba79991ca577a452","2024-06-05T08:50:00.000","2","DRIVER",,"1748057",,"CHEVROLET","COBALT","IL","2007","NONE","PASSENGER","PERSONAL","S","SLOW/STOP IN TRAFFIC",,,"1",,,,,,,,,,,,,,,,,,"FRONT",,,,,,,,,,,,,,,,,,,,,,,,,,,,,,,,,
"1835059","5395eaa73f59cdb83e86328a694b38ba126e589de47c7b99156c3ef2d53a58d069c14b1feae482d92a44f8fb01db75f033893b79c0d1d4989f381450bd5497b8","2024-06-05T08:49:00.000","1","DRIVER","3","1748013",,"TOYOTA","HIGHLANDER","IL","2014","NONE","PASSENGER","PERSONAL","S","BACKING",,,"4",,,,"Y",,,,,,,,,,,,,,"REAR",,,,,,,,,,,,,,,,,,,,,,,,,,,,,,,,,
"1835060","5395eaa73f59cdb83e86328a694b38ba126e589de47c7b99156c3ef2d53a58d069c14b1feae482d92a44f8fb01db75f033893b79c0d1d4989f381450bd5497b8","2024-06-05T08:49:00.000","2","DRIVER",,"1748020",,"FORD","F250","IL","1996","NONE","PICKUP","CONSTRUCTION/MAINTENANCE","N","STRAIGHT AHEAD",,,"1",,,,,,,,,,,,,,,"Y","Y",,"FRONT-LEFT-CORNER",,,,,,,,,,,,,,,,,,,,,,,,,,,,,,,,,
"1835166","7743e64a4994a1bbeffc94154e116ba6c1e9362b95d4fab14170ef51382321274c55e73a238358b1397c616a61d63fc8244d402b11c8d18b23ff2d04aa64a6c8","2024-06-05T08:45:00.000","1","BICYCLE",,,,,,,,,,,,,,,,,,,,,,,,,,,,,,,,,,,,,,,,,,,,,,,,,,,,,,,,,,,,,,,,,,
"1835167","7743e64a4994a1bbeffc94154e116ba6c1e9362b95d4fab14170ef51382321274c55e73a238358b1397c616a61d63fc8244d402b11c8d18b23ff2d04aa64a6c8","2024-06-05T08:45:00.000","2","DRIVER","1","1748136",,"JEEP","CHEROKEE","IL","2006","UNKNOWN","SPORT UTILITY VEHICLE (SUV)","PERSONAL","S","STRAIGHT AHEAD",,,"2",,,,,,,,,"Y",,,,,,,,,"REAR-RIGHT-CORNER",,,,,,,,,,,,,,,,,,,,,,,,,,,,,,,,,
"1835467","9818bec884738277363eba0f547e093edc24b2b9163fb4cc6379cb212ac255d4377086364b658656afae0ee7f62f0a2a04bb56a2be3af3dc709bd408dfc7670d","2024-06-05T08:42:00.000","1","DRIVER",,"1748415",,"FORD","F250","IL","2021","UNKNOWN","PICKUP","PERSONAL","N","STRAIGHT AHEAD",,,"1",,,,,,"Y",,,,,,,,,,,,"SIDE-RIGHT",,,,,,,,,,,,,,,,,,,,,,,,,,,,,,,,,
"1835468","9818bec884738277363eba0f547e093edc24b2b9163fb4cc6379cb212ac255d4377086364b658656afae0ee7f62f0a2a04bb56a2be3af3dc709bd408dfc7670d","2024-06-05T08:42:00.000","2","DRIVER",,"1748393",,"DODGE","RAM 1500 PU","IL","2019","NONE","PICKUP","PERSONAL","N","STRAIGHT AHEAD",,,"1",,,,,,,,,,,,,,"Y",,,,"SIDE-LEFT",,,,,,,,,,,,,,,,,,,,,,,,,,,,,,,,,
"1835075","14ed1545727a7a601eb7f1532bbcabbeba54a18f989647b8a1df3c7becc700163d63eb9835001fce795f7f89ee0cdbd406b841ba6153d9f59c216bcc2f36071f","2024-06-05T08:40:00.000","1","DRIVER",,"1748019",,"NISSAN","ALTIMA","IL","2016","NONE","PASSENGER","PERSONAL","N","STRAIGHT AHEAD",,,"1",,,,,,,,,,,,,,,,"Y",,"FRONT",,,,,,,,,,,,,,,,,,,,,,,,,,,,,,,,,
"1835076","14ed1545727a7a601eb7f1532bbcabbeba54a18f989647b8a1df3c7becc700163d63eb9835001fce795f7f89ee0cdbd406b841ba6153d9f59c216bcc2f36071f","2024-06-05T08:40:00.000","2","DRIVER",,"1748029",,"VOLKSWAGEN","JETTA","IL","2024","NONE","PASSENGER","PERSONAL","N","STRAIGHT AHEAD",,,"1",,,,,,,,,,"Y",,,,,,,,"REAR",,,,,,,,,,,,,,,,,,,,,,,,,,,,,,,,,
"1835047","6071caaf6785cdee4c3adb469f5faca8bd58cfa2851ded7a401f46665e0d99e2e287a8472f858ad61ae85eba56dc3de60bdcf1e96a4d49844e25c28340d97b01","2024-06-05T08:39:00.000","1","DRIVER",,"1747994",,"CHEVROLET","IMPALA","IA","2000","UNKNOWN","PASSENGER","PERSONAL","N","STRAIGHT AHEAD",,,"1",,,,,"Y",,,,,,,,,,"Y","Y",,"FRONT",,,,,,,,,,,,,,,,,,,,,,,,,,,,,,,,,
"1835048","6071caaf6785cdee4c3adb469f5faca8bd58cfa2851ded7a401f46665e0d99e2e287a8472f858ad61ae85eba56dc3de60bdcf1e96a4d49844e25c28340d97b01","2024-06-05T08:39:00.000","2","DRIVER",,"1747999",,"HONDA","CR-V","IL","2002","NONE","PASSENGER","PERSONAL","N","STRAIGHT AHEAD",,,"1",,,,,,,,,"Y","Y","Y",,,,,,,"REAR",,,,,,,,,,,,,,,,,,,,,,,,,,,,,,,,,
"1835087","7c0fbe3408ab1a6bb2fb8279b7cdc316e875284dad9b62a0d691f84874d4fe3b89b83847d9e64b5c5507e2c1d4becaea6f9d972481661491ae6eb70a7b2679fb","2024-06-05T08:37:00.000","1","DRIVER",,"1748031",,"AUTOCAR","AUTOCAR","IL","2006","NONE","OTHER","OTHER","S","STRAIGHT AHEAD",,,"1",,,,,"Y",,,,,,,,,,,,,"FRONT-RIGHT-CORNER",,,,,,,,,,,,,,,,,,,,,,,,,,,,,,,,,
"1835088","7c0fbe3408ab1a6bb2fb8279b7cdc316e875284dad9b62a0d691f84874d4fe3b89b83847d9e64b5c5507e2c1d4becaea6f9d972481661491ae6eb70a7b2679fb","2024-06-05T08:37:00.000","2","PARKED",,"1748038",,"HONDA","ODYSSEY","IL","2021","NONE","PASSENGER","NOT IN USE","S","PARKED",,,"0",,,,,,,,,,,,"Y","Y","Y","Y",,,"SIDE-LEFT",,,,,,,,,,,,,,,,,,,,,,,,,,,,,,,,,
"1835067","6376ea5672f5673afd18d672675224da118063bd0f3112eeb27fa2e55651d4ebfcb6c4e54660daddc5cc0e817dbcbaaba54e55089933a1b9e9c22b56ee2371ca","2024-06-05T08:35:00.000","1","DRIVER",,"1748072",,"FORD","FOCUS","IL","2016","NONE","PASSENGER","PERSONAL","W","STRAIGHT AHEAD","Y",,"1",,"TBD",,,"Y",,,,,,,,,"Y",,"Y",,"FRONT",,,,,,,,,,,,,,,,,,,,,,,,,,,,,,,,,
"1835068","6376ea5672f5673afd18d672675224da118063bd0f3112eeb27fa2e55651d4ebfcb6c4e54660daddc5cc0e817dbcbaaba54e55089933a1b9e9c22b56ee2371ca","2024-06-05T08:35:00.000","2","DRIVER","1","1748078",,"NISSAN","VERSA","IL","2014","NONE","PASSENGER","PERSONAL","N","STRAIGHT AHEAD",,,"2",,,,,"Y","Y","Y","Y","Y",,,,,,,,,"SIDE-RIGHT",,,,,,,,,,,,,,,,,,,,,,,,,,,,,,,,,
"1835207","179d79b5f5dde8296a0231b1be16ed441f1cf183f0eff64c6fb34306d162569e9ae0e952d6ffb965c1e273a83adcebf8e3861d2d57e1a1ab0d9b6df9cf619e70","2024-06-05T08:30:00.000","1","DRIVER",,"1748154",,"VOLKSWAGEN","JETTA","IL","2012","NONE","PASSENGER","PERSONAL","N","STRAIGHT AHEAD",,,"1",,,,,,,,,,,,,,,,"Y",,"FRONT",,,,,,,,,,,,,,,,,,,,,,,,,,,,,,,,,
"1835208","179d79b5f5dde8296a0231b1be16ed441f1cf183f0eff64c6fb34306d162569e9ae0e952d6ffb965c1e273a83adcebf8e3861d2d57e1a1ab0d9b6df9cf619e70","2024-06-05T08:30:00.000","2","DRIVER","1","1748174",,"GENERAL MOTORS CORPORATION (GMC)","SIERRA","IL","2014","NONE","PICKUP","PERSONAL","N","STRAIGHT AHEAD",,,"2",,,,,,,,,,"Y",,,,,,,,"REAR",,,,,,,,,,,,,,,,,,,,,,,,,,,,,,,,,
"1835237","a34cca97911904dfe07d90cb7efca6b9582b22f3b997ad890ae4cb6ceae76527c4e8772fb0b13c939ea5b3dbef33b9fe61ac7df24667f8854a7ace64af62e683","2024-06-05T08:30:00.000","1",,,,,,,,,,,,,,,,,,,,,,,,,,,,,,,,,,,,,,,,,,,,,,,,,,,,,,,,,,,,,,,,,,,
"1835241","a34cca97911904dfe07d90cb7efca6b9582b22f3b997ad890ae4cb6ceae76527c4e8772fb0b13c939ea5b3dbef33b9fe61ac7df24667f8854a7ace64af62e683","2024-06-05T08:30:00.000","1","DRIVER",,"1748180",,"FORD","TAURUS","IL","2017","NONE","PASSENGER","STATE OWNED","S","STRAIGHT AHEAD",,,"1",,,,,,"Y",,,,,,,,,,,,"FRONT-RIGHT-CORNER",,,,,,,,,,,,,,,,,,,,,,,,,,,,,,,,,
"1835038","6a13ad60b9f674af2bd0c3bc4b648db7a27af94dfbeac00d05038e368d3134c581fe4ea332382a06e8ab274e2768fcb0e98334e54cb6aada9e887ada3b1e382e","2024-06-05T08:20:00.000","1","DRIVER",,"1747985",,"KENWORTH MOTOR TRUCK COMPANY","KENWORTH MOTOR TRUCK CO.","IL","2006","NONE","TRUCK - SINGLE UNIT","OTHER","S","BACKING",,,"1",,,,"Y",,,,,,,,,,,,,,"REAR-LEFT-CORNER",,,,,,,,,,,,,,,,,,,,,,,,,,,,,,,,,
"1835039","6a13ad60b9f674af2bd0c3bc4b648db7a27af94dfbeac00d05038e368d3134c581fe4ea332382a06e8ab274e2768fcb0e98334e54cb6aada9e887ada3b1e382e","2024-06-05T08:20:00.000","2","DRIVER",,"1747995",,"HONDA","ACCORD","IL","2014","NONE","PASSENGER","PERSONAL","S","TURNING RIGHT",,,"1",,,,,"Y",,,,,,,,,,,,,"FRONT-RIGHT-CORNER",,,,,,,,,,,,,,,,,,,,,,,,,,,,,,,,,
"1835095","40d935cb773b1184fedc386a3be31ca69792bba298342cb9de2d54659b3a2fcce9d88afc10451ba727ae05caa877cce8a77542486a03dc2cc9c94a5df788bdc0","2024-06-05T08:17:00.000","1","DRIVER",,"1748049",,"CHRYSLER","200","TN","2015","NONE","PASSENGER","PERSONAL","W","STRAIGHT AHEAD","Y",,"1",,"PRIVATE","UNKNOWN",,"Y","Y",,,,,,,,,,"Y",,"FRONT-RIGHT-CORNER",,,,,,,,,,,,,,,,,,,,,,,,,,,,,,,,,
"1835096","40d935cb773b1184fedc386a3be31ca69792bba298342cb9de2d54659b3a2fcce9d88afc10451ba727ae05caa877cce8a77542486a03dc2cc9c94a5df788bdc0","2024-06-05T08:17:00.000","2","DRIVER","1","1748056",,"CHEVROLET","EQUINOX","IL","2018","NONE","SPORT UTILITY VEHICLE (SUV)","PERSONAL","N","TURNING LEFT","Y",,"2",,"PRIVATE","4900 W POTOMAC AVE",,,,"Y","Y","Y",,,,,,,,,"REAR-RIGHT-CORNER",,,,,,,,,,,,,,,,,,,,,,,,,,,,,,,,,
"1835034","82de3a751e2d58636ca8c65856f20d5b33e35382d40d5e9973099058b6fca7ade8571673a9e253459144ba02e5f8b644ac7d6c9329c2b24ec85ba4718e2eaac2","2024-06-05T08:10:00.000","1","DRIVER",,"1747983",,"HONDA","PILOT","IL","2015","NONE","SPORT UTILITY VEHICLE (SUV)","PERSONAL","E","DRIVING WRONG WAY",,,"1",,,,,"Y","Y",,,,,,,,,,,,"FRONT-RIGHT-CORNER",,,,,,,,,,,,,,,,,,,,,,,,,,,,,,,,,
"1835035","82de3a751e2d58636ca8c65856f20d5b33e35382d40d5e9973099058b6fca7ade8571673a9e253459144ba02e5f8b644ac7d6c9329c2b24ec85ba4718e2eaac2","2024-06-05T08:10:00.000","2","DRIVER",,"1747992",,"CHEVROLET","TAHOE","IL","2007","NONE","SPORT UTILITY VEHICLE (SUV)","PERSONAL","SE","TURNING RIGHT",,,"1",,,,,,,,,,,"Y","Y",,,,,,"REAR-LEFT-CORNER",,,,,,,,,,,,,,,,,,,,,,,,,,,,,,,,,
"1835071","8f2e975af575494edc7a1577e23a72714b73f8ea77bd7e09796d7a50164772130b95834f4a7a56080d47116c17005c22e228d16412632727491564a1756b5ac6","2024-06-05T08:07:00.000","1","DRIVER",,"1748021",,"BMW","X5","IL","2024","NONE","PASSENGER","PERSONAL","SE","STRAIGHT AHEAD",,,"1",,,,,,,,,,,,,,,,"Y",,"FRONT",,,,,,,,,,,,,,,,,,,,,,,,,,,,,,,,,
"1835072","8f2e975af575494edc7a1577e23a72714b73f8ea77bd7e09796d7a50164772130b95834f4a7a56080d47116c17005c22e228d16412632727491564a1756b5ac6","2024-06-05T08:07:00.000","2","DRIVER",,"1748040",,"HONDA","ACCORD","IL","2013","NONE","PASSENGER","PERSONAL","SE","SLOW/STOP IN TRAFFIC",,,"1",,,,,,,,,,"Y",,,,,,"Y",,"REAR",,,,,,,,,,,,,,,,,,,,,,,,,,,,,,,,,
"1835073","8f2e975af575494edc7a1577e23a72714b73f8ea77bd7e09796d7a50164772130b95834f4a7a56080d47116c17005c22e228d16412632727491564a1756b5ac6","2024-06-05T08:07:00.000","3","DRIVER",,"1748051",,"VOLKSWAGEN","PASSAT","IL","2013","NONE","PASSENGER","PERSONAL","SE","SLOW/STOP IN TRAFFIC",,,"1",,,,,,,,,,"Y",,,,,,"Y",,"REAR",,,,,,,,,,,,,,,,,,,,,,,,,,,,,,,,,
"1835074","8f2e975af575494edc7a1577e23a72714b73f8ea77bd7e09796d7a50164772130b95834f4a7a56080d47116c17005c22e228d16412632727491564a1756b5ac6","2024-06-05T08:07:00.000","4","DRIVER",,"1748067",,"HONDA","ACCORD","IL","2017","NONE","PASSENGER","PERSONAL","SE","SLOW/STOP IN TRAFFIC",,,"1",,,,,,,,,,"Y",,,,,,,,"REAR",,,,,,,,,,,,,,,,,,,,,,,,,,,,,,,,,
"1835069","bfdbcc611c8265e9a4c1bc7637534573cbc5b0f9d0d2c8a8cb74a393fbf3a7731f3ac44b83cbdc556a5b23619517ab2ad6a9669f87828ad0a58c8e527b5f2b45","2024-06-05T08:01:00.000","1","DRIVER",,"1748027",,"FORD","ESCAPE","IL","2017","NONE","PASSENGER","PERSONAL","S","STRAIGHT AHEAD","Y",,"1",,"owner","unknown",,"Y",,,,,,,"Y","Y","Y","Y","Y",,"SIDE-LEFT",,,,,,,,,,,,,,,,,,,,,,,,,,,,,,,,,
"1835070","bfdbcc611c8265e9a4c1bc7637534573cbc5b0f9d0d2c8a8cb74a393fbf3a7731f3ac44b83cbdc556a5b23619517ab2ad6a9669f87828ad0a58c8e527b5f2b45","2024-06-05T08:01:00.000","2","DRIVER",,"1748043",,"CHEVROLET","S10","IL","2002","NONE","PICKUP","PERSONAL","W","STRAIGHT AHEAD","Y",,"1",,,,,"Y",,,,,,,,,,"Y","Y",,"FRONT-RIGHT-CORNER",,,,,,,,,,,,,,,,,,,,,,,,,,,,,,,,,
"1835085","0b893a9aac90ceffb45ff891128de54101c57f29825e9e76cf8bbb46f873266edb2c6a7b4bd3c73261b3f5a5084f4ef262397dd49b8435c4693692a39b22c645","2024-06-05T08:00:00.000","1","DRIVER",,"1748026",,"FORD","FESTIVA","IL","2015","UNKNOWN","PASSENGER","PERSONAL","S","STRAIGHT AHEAD",,,"1",,,,,,,,,,,,,,,,"Y",,"FRONT",,,,,,,,,,,,,,,,,,,,,,,,,,,,,,,,,
"1835086","0b893a9aac90ceffb45ff891128de54101c57f29825e9e76cf8bbb46f873266edb2c6a7b4bd3c73261b3f5a5084f4ef262397dd49b8435c4693692a39b22c645","2024-06-05T08:00:00.000","2","DRIVER",,"1748039",,"MERCEDES-BENZ","450 SERIES","IL","2010","UNKNOWN","SPORT UTILITY VEHICLE (SUV)","PERSONAL","S","STRAIGHT AHEAD",,,"1",,,,,,,,,,,,,,,,,"Y","REAR",,,,,,,,,,,,,,,,,,,,,,,,,,,,,,,,,
"1835514","397258dc0d5977d5d91dce76993aa079ddeb03437a33d21f7a808a437ca45e5803af81c43165fce9e096ade68fb03f35fae2a87273fd45898d73a30e16b8ee69","2024-06-05T08:00:00.000","1","DRIVER",,"1748440",,"TOYOTA","CAMRY","IL","2023","UNKNOWN","PASSENGER","UNKNOWN/NA","W","STRAIGHT AHEAD",,,"1",,,,,"Y",,,,,,,,,,,"N",,"FRONT-RIGHT-CORNER",,,,,,,,,,,,,,,,,,,,,,,,,,,,,,,,,
"1835515","397258dc0d5977d5d91dce76993aa079ddeb03437a33d21f7a808a437ca45e5803af81c43165fce9e096ade68fb03f35fae2a87273fd45898d73a30e16b8ee69","2024-06-05T08:00:00.000","2","DRIVER",,"1748445",,"TOYOTA","CAMRY","IL","2022","UNKNOWN","PASSENGER","UNKNOWN/NA","W","STRAIGHT AHEAD",,,"1",,,,,,,,,"Y",,,,,,,,,"REAR-RIGHT-CORNER",,,,,,,,,,,,,,,,,,,,,,,,,,,,,,,,,
"1835097","b0db0a9f2f5defc506f212db3f2db044e20e6e56cfe9bb2f1fa1a819b31363a596188ade83cbb612e7694d72ea16d6e36cab915d15bc8036141828629cb79b1b","2024-06-05T08:00:00.000","1","DRIVER",,"1748037",,"UNKNOWN","MOTORIZED",,,"UNKNOWN","PASSENGER","UNKNOWN/NA","E","UNKNOWN/NA",,,"1",,,,,,,,,,,,,,,,,"Y","UNKNOWN",,,,,,,,,,,,,,,,,,,,,,,,,,,,,,,,,
"1835098","b0db0a9f2f5defc506f212db3f2db044e20e6e56cfe9bb2f1fa1a819b31363a596188ade83cbb612e7694d72ea16d6e36cab915d15bc8036141828629cb79b1b","2024-06-05T08:00:00.000","2","PARKED",,"1748041",,"NISSAN","ALTIMA","IN","2019","NONE","PASSENGER","NOT IN USE","W","PARKED",,,"0",,,,,"Y",,,,,,,,,,"Y","Y",,"FRONT",,,,,,,,,,,,,,,,,,,,,,,,,,,,,,,,,
"1835053","c49643eaa883b5d7fa15b59f390e17251304b4b928fc462eb5818b365f206446fdd67ae50e1210932121a42f77dba092ac4ce228615c2891f1cd19c003337440","2024-06-05T08:00:00.000","1","DRIVER","1","1748010","Y","VOLVO","OTHER (EXPLAIN IN NARRATIVE)","IL","2012","NONE","TRACTOR W/ SEMI-TRAILER","DRIVER EDUCATION","NW","TURNING LEFT","N",,"2",,,,,,"Y",,,,,,,,,,,,"SIDE-RIGHT","19395","25384",,,"SIDE OF TRUCK",,"MID CITY TRUCK DRIVING ACADEMY","IL","INVERNESS",,,,,,,,,,,,,,,,,,,"TRACTOR/SEMI-TRAILER","VAN/ENCLOSED BOX",,,,
"1835054","c49643eaa883b5d7fa15b59f390e17251304b4b928fc462eb5818b365f206446fdd67ae50e1210932121a42f77dba092ac4ce228615c2891f1cd19c003337440","2024-06-05T08:00:00.000","2","DRIVER",,"1748012",,"HYUNDAI","GENESIS","IL","2021","NONE","PASSENGER","PERSONAL","S","STRAIGHT AHEAD","N",,"1",,,,,"Y",,,,,,,,,,,"Y",,"FRONT",,,,,,,,,,,,,,,,,,,,,,,,,,,,,,,,,
"1835055","f4f4be320b88d974024207858851fcbf2d9998a54872726ec373660d436e693d16c3f351c8e33c17d188a6c237943d12dc7d9fd20ba5aa87d89f0da25a85f058","2024-06-05T07:55:00.000","1","DRIVER","2","1748008",,"CHRYSLER","TOWN & COUNTRY","IL","2006","NONE","VAN/MINI-VAN","PERSONAL","W","STRAIGHT AHEAD",,,"3",,,,,"Y",,,,,,,,,,,,,"FRONT-RIGHT-CORNER",,,,,,,,,,,,,,,,,,,,,,,,,,,,,,,,,
"1835056","f4f4be320b88d974024207858851fcbf2d9998a54872726ec373660d436e693d16c3f351c8e33c17d188a6c237943d12dc7d9fd20ba5aa87d89f0da25a85f058","2024-06-05T07:55:00.000","2","DRIVER",,"1748028","N","NEW FLYER","DE60LFR","IL","2007","NONE","BUS OVER 15 PASS.","CTA","W","TURNING RIGHT",,,"1",,,,,,,,,,,"Y",,,,,,,"REAR-LEFT-CORNER",,,,,,,,,,,,,,,,,,,,,,,,,,,,,,,,,