"crash_unit_id","crash_record_id","crash_date","unit_no","unit_type","num_passengers","vehicle_id","cmrc_veh_i","make","model","lic_plate_state","vehicle_year","vehicle_defect","vehicle_type","vehicle_use","travel_direction","maneuver","towed_i","fire_i","occupant_cnt","exceed_speed_limit_i","towed_by","towed_to","area_00_i","area_01_i","area_02_i","area_03_i","area_04_i","area_05_i","area_06_i","area_07_i","area_08_i","area_09_i","area_10_i","area_11_i","area_12_i","area_99_i","first_contact_point","cmv_id","usdot_no","ccmc_no","ilcc_no","commercial_src","gvwr","carrier_name","carrier_state","carrier_city","hazmat_placards_i","hazmat_name","un_no","hazmat_present_i","hazmat_report_i","hazmat_report_no","mcs_report_i","mcs_report_no","hazmat_vio_cause_crash_i","mcs_vio_cause_crash_i","idot_permit_no","wide_load_i","trailer1_width","trailer2_width","trailer1_length","trailer2_length","total_vehicle_length","axle_cnt","vehicle_config","cargo_body_type","load_type","hazmat_out_of_service_i","mcs_out_of_service_i","hazmat_class"
"1835077","ad246ea346c0f20a39e152332394afb7292177a8ea64ac667f099bc3f1c385d6d627e1908f2a04e66d98a0f370d481bc6f81c8884771fc73303f7f8350ee505f","2024-06-05T07:54:00.000","1","DRIVER",,"1748022",,"GENERAL MOTORS CORPORATION (GMC)","YUKON","IL","2007","UNKNOWN","VAN/MINI-VAN","PERSONAL","N","STRAIGHT AHEAD",,,"1",,,,,,,,,,,,,,,"Y",,,"FRONT-LEFT-CORNER",,,,,,,,,,,,,,,,,,,,,,,,,,,,,,,,,
"1835078","ad246ea346c0f20a39e152332394afb7292177a8ea64ac667f099bc3f1c385d6d627e1908f2a04e66d98a0f370d481bc6f81c8884771fc73303f7f8350ee505f","2024-06-05T07:54:00.000","2","DRIVER",,"1748052",,"HONDA","CIVIC","IL","2019","UNKNOWN","PASSENGER","PERSONAL","NE","TURNING LEFT",,,"1",,,,,,"Y","Y","Y",,,,,,,,,,"SIDE-RIGHT",,,,,,,,,,,,,,,,,,,,,,,,,,,,,,,,,
"1835036","2316c6b86ed40da7aa6d0b8bc7a9c9bb2081917fed0bb5839ffa91f42c8b14366bda760440862890f3207079d5b4ade652fc08d7368a950368543c1b11b09000","2024-06-05T07:53:00.000","1","DRIVER",,"1747981",,"UNKNOWN","MOTORIZED",,,"UNKNOWN","PASSENGER","UNKNOWN/NA","W","STRAIGHT AHEAD",,,"1",,,,,"Y",,,,,,,,,,"Y","Y",,"FRONT",,,,,,,,,,,,,,,,,,,,,,,,,,,,,,,,,
"1835037","2316c6b86ed40da7aa6d0b8bc7a9c9bb2081917fed0bb5839ffa91f42c8b14366bda760440862890f3207079d5b4ade652fc08d7368a950368543c1b11b09000","2024-06-05T07:53:00.000","2","DRIVER",,"1747986",,"MERCEDES-BENZ","A-CLASS","IL","2016","NONE","PASSENGER","PERSONAL","N","STRAIGHT AHEAD","Y",,"1",,"PRIVATE TOW","PRIVATE TOW",,"Y","Y","Y","Y",,,,,,,,,,"REAR-RIGHT-CORNER",,,,,,,,,,,,,,,,,,,,,,,,,,,,,,,,,
"1835190","d4ef71c958acd10659fc95ac100b037bfedf2318ffc9144e1712bee1839f45b5eb3724662646fa55bb48065b2bd69c0d8ed422cf3280725263cd499855c59d70","2024-06-05T07:50:00.000","1","DRIVER",,"1748131",,"FORD","EXPLORER","IL","2014","NONE","SPORT UTILITY VEHICLE (SUV)","PERSONAL","N","STRAIGHT AHEAD",,,"1",,,,,"Y",,,,,,,,,,"Y","Y",,"FRONT",,,,,,,,,,,,,,,,,,,,,,,,,,,,,,,,,
"1835191","d4ef71c958acd10659fc95ac100b037bfedf2318ffc9144e1712bee1839f45b5eb3724662646fa55bb48065b2bd69c0d8ed422cf3280725263cd499855c59d70","2024-06-05T07:50:00.000","2","DRIVER",,"1748143",,"TOYOTA","OTHER (EXPLAIN IN NARRATIVE)",,,"UNKNOWN","SPORT UTILITY VEHICLE (SUV)","UNKNOWN/NA","E","STRAIGHT AHEAD",,,"1",,,,,,"Y","Y","Y",,,,,,,,,,"SIDE-RIGHT",,,,,,,,,,,,,,,,,,,,,,,,,,,,,,,,,
"1835049","16497fca040309e51dc662853797cd03d1a26809273296cfca569465a660c0b155fa687bf99c15058f4cf8fa853a3e9ec2044bd7ab0996932d3d3aa5cae99efd","2024-06-05T07:45:00.000","1","DRIVER",,"1748001",,"BUICK","OTHER (EXPLAIN IN NARRATIVE)","IL","1994","UNKNOWN","PASSENGER","UNKNOWN/NA","E","UNKNOWN/NA",,,"1",,,,,,,,,,,,,,,,,"Y","UNKNOWN",,,,,,,,,,,,,,,,,,,,,,,,,,,,,,,,,
"1835050","16497fca040309e51dc662853797cd03d1a26809273296cfca569465a660c0b155fa687bf99c15058f4cf8fa853a3e9ec2044bd7ab0996932d3d3aa5cae99efd","2024-06-05T07:45:00.000","2","DRIVER","2","1748005",,"TOYOTA","CAMRY","IL","2008","NONE","PASSENGER","UNKNOWN/NA","E","MERGING",,,"3",,,,,,,,,,,"Y","Y",,,,,,"REAR-LEFT-CORNER",,,,,,,,,,,,,,,,,,,,,,,,,,,,,,,,,
"1835063","3ca73a51c021c884070022f7993e00db8423b94af5f26679c2a3f09c92d16299ef3c7389d68178105f1d7a6f1268f80ca3f80ead2e151b5669ca44534878b01c","2024-06-05T07:45:00.000","1","DRIVER",,"1748011",,"TOYOTA","HIGHLANDER","IL","2006","NONE","SPORT UTILITY VEHICLE (SUV)","PERSONAL","N","STRAIGHT AHEAD",,,"1",,,,,,,,,,,,,,,,"Y",,"FRONT",,,,,,,,,,,,,,,,,,,,,,,,,,,,,,,,,
"1835064","3ca73a51c021c884070022f7993e00db8423b94af5f26679c2a3f09c92d16299ef3c7389d68178105f1d7a6f1268f80ca3f80ead2e151b5669ca44534878b01c","2024-06-05T07:45:00.000","2","DRIVER",,"1748015",,"FORD","EXPLORER","IL","2022","NONE","SPORT UTILITY VEHICLE (SUV)","PERSONAL","N","STRAIGHT AHEAD",,,"1",,,,,,,,,,"Y",,,,,,,,"REAR",,,,,,,,,,,,,,,,,,,,,,,,,,,,,,,,,
"1835043","341dd2e8a070730801c283a188fae4226b20ca9e4f0242f605c2951caabf54facfde5980714d03a7e452dca75d7b66b6ecda712bae70e75c5fbc943b30fa6827","2024-06-05T07:25:00.000","1","DRIVER",,"1748000",,"GENERAL MOTORS CORPORATION (GMC)","SIERRA","WI","2024","UNKNOWN","PICKUP","UNKNOWN/NA","N","UNKNOWN/NA","Y",,"1",,"streets and sanitation","pound",,"Y","Y",,,,,,,,,,,,"FRONT-RIGHT-CORNER",,,,,,,,,,,,,,,,,,,,,,,,,,,,,,,,,
"1835044","341dd2e8a070730801c283a188fae4226b20ca9e4f0242f605c2951caabf54facfde5980714d03a7e452dca75d7b66b6ecda712bae70e75c5fbc943b30fa6827","2024-06-05T07:25:00.000","2","PARKED",,"1748007",,"HONDA","ODYSSEY","IL","2012","NONE","PASSENGER","NOT IN USE","N","PARKED","Y",,"0",,"private tow","unk",,,,,,,,,,,"Y","Y",,,"FRONT-LEFT-CORNER",,,,,,,,,,,,,,,,,,,,,,,,,,,,,,,,,
"1835017","77d46546e7afcf5e6244b2a718344acee7778811bc840202aa9a49079948a9780086860fe8f463a4819ba69ed177e5a35f1de39bf339a2ac880313df36126ccf","2024-06-05T07:15:00.000","1","DRIVER","1","1747965",,"FORD","FUSION","IL","2017","UNKNOWN","PASSENGER","PERSONAL","W","STARTING IN TRAFFIC",,,"2",,,,,"Y",,,,,,,,,,,,,"FRONT-RIGHT-CORNER",,,,,,,,,,,,,,,,,,,,,,,,,,,,,,,,,
"1835018","77d46546e7afcf5e6244b2a718344acee7778811bc840202aa9a49079948a9780086860fe8f463a4819ba69ed177e5a35f1de39bf339a2ac880313df36126ccf","2024-06-05T07:15:00.000","2","DRIVER",,"1747969",,"HONDA","CR-V","IL","2017","UNKNOWN","PASSENGER","PERSONAL","NE","STRAIGHT AHEAD",,,"1",,,,,,,"Y","Y","Y",,,,,,,,,"REAR-RIGHT-CORNER",,,,,,,,,,,,,,,,,,,,,,,,,,,,,,,,,
"1835396","78bbf69860b64f782d83ca0951b7cbb270c4f7856e2a53ac814e2764f08d602d58a711f5675bee927b5fe0314c49d46ce62b3d76347031220588853d37b2116c","2024-06-05T07:15:00.000","1","DRIVER",,"1748328",,"MAZDA","CX-5",,"2017","UNKNOWN","PASSENGER","PERSONAL","E","STRAIGHT AHEAD",,,"1",,,,,,,,,,,,,,,,,,"FRONT",,,,,,,,,,,,,,,,,,,,,,,,,,,,,,,,,
"1835397","78bbf69860b64f782d83ca0951b7cbb270c4f7856e2a53ac814e2764f08d602d58a711f5675bee927b5fe0314c49d46ce62b3d76347031220588853d37b2116c","2024-06-05T07:15:00.000","2","DRIVER",,"1748330",,"JEEP","WRANGLER",,"2010","NONE","PASSENGER","PERSONAL","E","STRAIGHT AHEAD",,,"1",,,,,,,,,,,,,,,,,,"REAR-RIGHT-CORNER",,,,,,,,,,,,,,,,,,,,,,,,,,,,,,,,,
"1835011","a072f0a69d8770edc0909bae904e347c2c5e5fbc9fff8c5c8dd304fb6604783eea9bfaa81ddc5123145bb1940cc656216f6e3b6e6f31817b624cdcee0a448a47","2024-06-05T07:15:00.000","1","DRIVER",,"1747959",,"JEEP","GRAND CHEROKEE","CO","2012","NONE","PASSENGER","PERSONAL","S","STRAIGHT AHEAD",,,"1",,,,,"Y","Y",,,,,,,,"N","N","N",,"SIDE-RIGHT-FRONT",,,,,,,,,,,,,,,,,,,,,,,,,,,,,,,,,
"1835019","a072f0a69d8770edc0909bae904e347c2c5e5fbc9fff8c5c8dd304fb6604783eea9bfaa81ddc5123145bb1940cc656216f6e3b6e6f31817b624cdcee0a448a47","2024-06-05T07:15:00.000","2","DRIVER",,"1747963",,"SUBARU","FORESTER","IL","2016","NONE","PASSENGER","PERSONAL","W","TURNING LEFT",,,"1",,,,,,,,,,,,"Y","Y",,,,,"SIDE-LEFT",,,,,,,,,,,,,,,,,,,,,,,,,,,,,,,,,
"1835065","5739b554be0fb21bc0273098516cf5d1b2c81f4e489230813a5de4f908f2b14feb3fb2d2807e7125494cac7df9b953d9d2a0b89e146d042563ff2d693c284ea9","2024-06-05T07:10:00.000","1","DRIVER",,"1748014",,"STERLING","OTHER (EXPLAIN IN NARRATIVE)","IL","2004","NONE","TRUCK - SINGLE UNIT","PERSONAL","E","BACKING",,,"1",,,,,,,,,,"Y",,,,,,,,"REAR",,,,,,,,,,,,,,,,,,,,,,,,,,,,,,,,,
"1835066","5739b554be0fb21bc0273098516cf5d1b2c81f4e489230813a5de4f908f2b14feb3fb2d2807e7125494cac7df9b953d9d2a0b89e146d042563ff2d693c284ea9","2024-06-05T07:10:00.000","2","DRIVER",,"1748016",,"BMW","X5","IL","2015","NONE","PASSENGER","PERSONAL","W","STRAIGHT AHEAD",,,"1",,,,,,,,,,,,,,,,"Y",,"FRONT",,,,,,,,,,,,,,,,,,,,,,,,,,,,,,,,,
"1835469","b456dd32b717d94e156b11b15bfdf0f5a258f15cd9df780041441c7021bcf31a37dea7fdeaf740a09489c79be7f8c4f340c3fb4912270fe9a9a82931044ed999","2024-06-05T07:00:00.000","1","DRIVER",,"1748425",,"UNKNOWN","OTHER (EXPLAIN IN NARRATIVE)",,,"UNKNOWN","PASSENGER","UNKNOWN/NA","W","UNKNOWN/NA",,,"1",,,,,,,,,,,,,,,,,"Y","FRONT",,,,,,,,,,,,,,,,,,,,,,,,,,,,,,,,,
"1835470","b456dd32b717d94e156b11b15bfdf0f5a258f15cd9df780041441c7021bcf31a37dea7fdeaf740a09489c79be7f8c4f340c3fb4912270fe9a9a82931044ed999","2024-06-05T07:00:00.000","2","DRIVER","1","1748411",,"FORD","ESCAPE","IL","2009","NONE","PASSENGER","PERSONAL","W","STRAIGHT AHEAD",,,"2",,,,,,,,,,"Y",,,,,,,,"REAR",,,,,,,,,,,,,,,,,,,,,,,,,,,,,,,,,
"1835003","f9a2560a693b0a1dee78258ccee73211a89a801a1c909568bfa037376a39066a446b14272ad95ea772ac49ce4238f22da8188dc3d9a27ec0fb7c0ffe1f3f6db3","2024-06-05T07:00:00.000","1","DRIVER",,"1747949",,"PONTIAC","OTHER (EXPLAIN IN NARRATIVE)","IL","2004","UNKNOWN","PASSENGER","UNKNOWN/NA","N","STRAIGHT AHEAD",,,"1",,,,,"Y",,,,,,,,,,"Y","Y",,"FRONT",,,,,,,,,,,,,,,,,,,,,,,,,,,,,,,,,
"1835004","f9a2560a693b0a1dee78258ccee73211a89a801a1c909568bfa037376a39066a446b14272ad95ea772ac49ce4238f22da8188dc3d9a27ec0fb7c0ffe1f3f6db3","2024-06-05T07:00:00.000","2","DRIVER",,"1747952",,"FORD","ESCAPE","IL","2019","NONE","SPORT UTILITY VEHICLE (SUV)","PERSONAL","N","SLOW/STOP IN TRAFFIC",,,"1",,,,,,,,,"Y","Y","Y",,,,,,,"REAR",,,,,,,,,,,,,,,,,,,,,,,,,,,,,,,,,
"1835025","19802d269c3dc4b74cb0571a830f26a1ec16a80a8b1d4640d00ca6176ce483912982f72de907b1e7144efb8d2461f7610324982a7a6807b333cfc083a4f7c284","2024-06-05T06:53:00.000","1","DRIVER",,"1747972",,"DODGE","CHALLENGER","IL","2022","UNKNOWN","PASSENGER","PERSONAL","S","UNKNOWN/NA",,,"1",,,,,"Y",,,,,,,,,,"Y","Y",,"FRONT",,,,,,,,,,,,,,,,,,,,,,,,,,,,,,,,,
"1834999","bae1977fa01136a31c19a84bedd3bff0da98d12c37016e6010a9569d2bee4fcba5b8a049b1e3c7366f678a91473186a131cc617c2551691af811689ec5f51986","2024-06-05T06:48:00.000","1","DRIVER",,"1747948",,"BUICK","ENCORE","IL","2021","NONE","PASSENGER","PERSONAL","S","STRAIGHT AHEAD",,,"1",,,,,,"Y",,,,,,,,,,,,"SIDE-RIGHT",,,,,,,,,,,,,,,,,,,,,,,,,,,,,,,,,
"1835012","bae1977fa01136a31c19a84bedd3bff0da98d12c37016e6010a9569d2bee4fcba5b8a049b1e3c7366f678a91473186a131cc617c2551691af811689ec5f51986","2024-06-05T06:48:00.000","2","PEDESTRIAN",,,,,,,,,,,,,,,,,,,,,,,,,,,,,,,,,,,,,,,,,,,,,,,,,,,,,,,,,,,,,,,,,,
"1835045","18d860dd3de862b1f3f39300e1ebd952850751d59a501cfc47a75f6326a6fb1c90b1d7dd7dc1e7b1b83ac5d7862cd942450f28273e7319a6d631e624cc025e86","2024-06-05T06:46:00.000","1","DRIVER",,"1748045",,"BUICK","LACROSSE","IL","2014","UNKNOWN","PASSENGER","PERSONAL","N","TURNING LEFT","Y",,"1",,,,,,,"Y","Y","Y",,"Y","Y",,,,,,"SIDE-RIGHT-REAR",,,,,,,,,,,,,,,,,,,,,,,,,,,,,,,,,
"1835046","18d860dd3de862b1f3f39300e1ebd952850751d59a501cfc47a75f6326a6fb1c90b1d7dd7dc1e7b1b83ac5d7862cd942450f28273e7319a6d631e624cc025e86","2024-06-05T06:46:00.000","2","DRIVER",,"1748009",,"LEXUS","RX450H","IL","2012","NONE","PASSENGER","PERSONAL","S","STRAIGHT AHEAD",,,"1",,,,,"Y",,,,,,,,,,"Y","Y",,"FRONT",,,,,,,,,,,,,,,,,,,,,,,,,,,,,,,,,
"1835015","7709485805b0840f30bf0cdccdc867e3b82dd591816bc56c8457be934d228aa696e09cdef64d1d827309d2d83445327effba656df6cb8e1cf2f4ef2ae57ba0a8","2024-06-05T06:45:00.000","1","DRIVER",,"1747970",,"NISSAN","OTHER (EXPLAIN IN NARRATIVE)",,,"UNKNOWN","PASSENGER","UNKNOWN/NA","N","PASSING/OVERTAKING",,,"1",,,,,"Y",,,,,,,,,,,"Y",,"FRONT-RIGHT-CORNER",,,,,,,,,,,,,,,,,,,,,,,,,,,,,,,,,
"1835016","7709485805b0840f30bf0cdccdc867e3b82dd591816bc56c8457be934d228aa696e09cdef64d1d827309d2d83445327effba656df6cb8e1cf2f4ef2ae57ba0a8","2024-06-05T06:45:00.000","2","DRIVER",,"1747966",,"NISSAN","MAXIMA","IL","2024","NONE","PASSENGER","PERSONAL","N","STRAIGHT AHEAD",,,"1",,,,,,,,,,,"Y",,,,,,,"REAR-LEFT-CORNER",,,,,,,,,,,,,,,,,,,,,,,,,,,,,,,,,
"1834985","0e85ea7a82cb31c7be95c1abe5eebf4319c400e37acbcc8b5f90c0f31879799cbdf30219755082923272f9866120e8bfe146adfed9018ae181977587946a69d7","2024-06-05T06:02:00.000","1","DRIVER",,"1747931",,"UNKNOWN","ENCLOSED BODY","IL",,"NONE","PASSENGER","PERSONAL","N","STRAIGHT AHEAD",,,"1",,,,,,,,,,,,,,,"Y",,,"SIDE-LEFT",,,,,,,,,,,,,,,,,,,,,,,,,,,,,,,,,
"1834986","0e85ea7a82cb31c7be95c1abe5eebf4319c400e37acbcc8b5f90c0f31879799cbdf30219755082923272f9866120e8bfe146adfed9018ae181977587946a69d7","2024-06-05T06:02:00.000","2","DRIVER",,"1747934",,"CHEVROLET","IMPALA","IL","2019","NONE","PASSENGER","PERSONAL","N","STRAIGHT AHEAD",,,"1",,,,,"Y","Y",,,,,,,,,,,,"SIDE-RIGHT",,,,,,,,,,,,,,,,,,,,,,,,,,,,,,,,,
"1835136","12227a0775832ed3c1746e15b988526dbe92d874fbd151d9ab2a279302698a69bc0475e77798b23c8518e4ab8b4c5bf36745dbc470e71dcc906d20aea9c88f7a","2024-06-05T06:00:00.000","1","DRIVER",,"1748081",,"UNKNOWN","OTHER (EXPLAIN IN NARRATIVE)",,,"UNKNOWN","UNKNOWN/NA","UNKNOWN/NA","S","UNKNOWN/NA",,,"1",,,,,,,,,,,,,,,,,"Y","UNKNOWN",,,,,,,,,,,,,,,,,,,,,,,,,,,,,,,,,
"1835137","12227a0775832ed3c1746e15b988526dbe92d874fbd151d9ab2a279302698a69bc0475e77798b23c8518e4ab8b4c5bf36745dbc470e71dcc906d20aea9c88f7a","2024-06-05T06:00:00.000","2","PARKED",,"1748086",,"LEXUS","NX","IL","2024","NONE","PASSENGER","PERSONAL","S","PARKED",,,"0",,,,,,"Y","Y",,,,,,,,,,,"SIDE-RIGHT-FRONT",,,,,,,,,,,,,,,,,,,,,,,,,,,,,,,,,
"1835026","16a3b5f8606db4512d7e4cc79c75d2c90746cefb8e1b88e5971931881c5e1a4819df66b2c9c4229780a80a5f8ef1f8a0d51bc8c4eeed8c77d31d5d4319b020bd","2024-06-05T06:00:00.000","1","DRIVER",,"1747973",,"UNKNOWN","OTHER (EXPLAIN IN NARRATIVE)",,,"UNKNOWN","UNKNOWN/NA","PERSONAL","UNKNOWN","UNKNOWN/NA",,,"1",,,,,,,,,,,,,,,,,"Y","UNKNOWN",,,,,,,,,,,,,,,,,,,,,,,,,,,,,,,,,
"1835027","16a3b5f8606db4512d7e4cc79c75d2c90746cefb8e1b88e5971931881c5e1a4819df66b2c9c4229780a80a5f8ef1f8a0d51bc8c4eeed8c77d31d5d4319b020bd","2024-06-05T06:00:00.000","2","DRIVER",,"1747977",,"GENESIS","G80","IL","2019","NONE","PASSENGER","PERSONAL","UNKNOWN","UNKNOWN/NA","Y",,"1",,"owners insurance",,,,,,,,,"Y","Y","Y",,,,,"SIDE-LEFT",,,,,,,,,,,,,,,,,,,,,,,,,,,,,,,,,
"1835057","21cbd5410c5552c379d961d1227102c6805a0f66cbab3cf1340f8a9ab0474561af47a39a028b909ad1c5c9786d6306186176f5d8b1d7ce93c3b4cebeb68ab694","2024-06-05T06:00:00.000","1","DRIVER",,"1748003",,"UNKNOWN","OTHER (EXPLAIN IN NARRATIVE)","IL",,"UNKNOWN","UNKNOWN/NA","UNKNOWN/NA","UNKNOWN","UNKNOWN/NA",,,"1",,,,,,,,,,,,,,,,,"Y","UNKNOWN",,,,,,,,,,,,,,,,,,,,,,,,,,,,,,,,,
"1835058","21cbd5410c5552c379d961d1227102c6805a0f66cbab3cf1340f8a9ab0474561af47a39a028b909ad1c5c9786d6306186176f5d8b1d7ce93c3b4cebeb68ab694","2024-06-05T06:00:00.000","2","PARKED",,"1748006",,"BMW","740I","IL","1997","NONE","PASSENGER","NOT IN USE","UNKNOWN","PARKED",,,"0",,,,,,,,,,"Y","Y","Y",,,,,,"REAR-LEFT-CORNER",,,,,,,,,,,,,,,,,,,,,,,,,,,,,,,,,
"1835000","d795cad73e6ab9fa3efced4d997921fd787282731dafe9d9d39c2688430ffa51f4544d857725dd9d73d59a28388d54b38a232f189af371484cd7325d2c2a0dad","2024-06-05T05:55:00.000","1","DRIVER",,"1747951",,"GENERAL MOTORS CORPORATION (GMC)","TERRAIN","IL","2014","NONE","PASSENGER","PERSONAL","N","STRAIGHT AHEAD",,,"1",,,,,,,,,,,,,,,,"Y",,"FRONT",,,,,,,,,,,,,,,,,,,,,,,,,,,,,,,,,
"1835001","d795cad73e6ab9fa3efced4d997921fd787282731dafe9d9d39c2688430ffa51f4544d857725dd9d73d59a28388d54b38a232f189af371484cd7325d2c2a0dad","2024-06-05T05:55:00.000","2","DRIVER",,"1747958","Y","MACK TRUCKS, INC.","MACK TRUCKS, INC.","IL","2024","NONE","TRUCK - SINGLE UNIT","COMMERCIAL - SINGLE UNIT","E","STRAIGHT AHEAD","Y",,"1",,,,,,"Y","Y",,,,,,,,,,,"SIDE-RIGHT","19393","3762335",,,"DRIVER","2","LAKESHORE RECYCLING SYSTEMS","IL","CHICAGO",,,,,,,,,,,,,,,,,,"3","SINGLE UNIT TRUCK, 2 AXLES, 6 TIRES","GARBAGE/REFUSE","OTHER",,,
"1835002","d795cad73e6ab9fa3efced4d997921fd787282731dafe9d9d39c2688430ffa51f4544d857725dd9d73d59a28388d54b38a232f189af371484cd7325d2c2a0dad","2024-06-05T05:55:00.000","3","PARKED",,"1747993",,"CHEVROLET","CRUZE","IL",,"NONE","PASSENGER","PERSONAL","E","PARKED",,,"0",,,,,,,,,,,,,"Y",,,,,"SIDE-LEFT",,,,,,,,,,,,,,,,,,,,,,,,,,,,,,,,,
"1834989","2becc943f94e7a735e1a8451086c65c81b88685bf83a29e38bc0c1840db74b8f5703f15699f2afcd8b60b748e9f7aa028eb4f5994997c23cf138b3440418da84","2024-06-05T05:50:00.000","1","DRIVER",,"1747938","Y","FREIGHTLINER CORPORATION","FREIGHTLINER CORP.","IL","2016","NONE","TRACTOR W/ SEMI-TRAILER","COMMERCIAL - MULTI-UNIT","W","STRAIGHT AHEAD",,,"1",,,,,,,,,,,,,,,,,,"SIDE-LEFT","19390","2588870",,,"SIDE OF TRUCK",,"GREAT LAKES COCA-COLA DISTRIBUTION","IL","ALSIP",,,,"N","N",,"N",,"N","N",,,,,"35",,,,"TRACTOR/SEMI-TRAILER","VAN/ENCLOSED BOX","OTHER","N","N",
"1834990","2becc943f94e7a735e1a8451086c65c81b88685bf83a29e38bc0c1840db74b8f5703f15699f2afcd8b60b748e9f7aa028eb4f5994997c23cf138b3440418da84","2024-06-05T05:50:00.000","2","PARKED",,"1747941",,"VOLKSWAGEN","ATLAS","IL","2023","NONE","SPORT UTILITY VEHICLE (SUV)","NOT IN USE","N","PARKED","Y",,"0",,,,,"Y",,,,,,,,,"Y","Y","Y",,"FRONT-RIGHT-CORNER",,,,,,,,,,,,,,,,,,,,,,,,,,,,,,,,,
"1834977","32e3e7308b456edafd45d9b0e09ec945a52a70481eff98f284c8bd7f0bf67e52fc224404026d5d2c1cf08aef952d5ab499a8bbed45341c7304755445553213f4","2024-06-05T05:45:00.000","1","DRIVER",,"1747930",,"FORD","OTHER (EXPLAIN IN NARRATIVE)","IL","2015","NONE","TRUCK - SINGLE UNIT","PERSONAL","N","STRAIGHT AHEAD",,,"1",,,,,,,,,,,,,,,,,,"FRONT",,,,,,,,,,,,,,,,,,,,,,,,,,,,,,,,,
"1834978","32e3e7308b456edafd45d9b0e09ec945a52a70481eff98f284c8bd7f0bf67e52fc224404026d5d2c1cf08aef952d5ab499a8bbed45341c7304755445553213f4","2024-06-05T05:45:00.000","2","DRIVER",,"1747937",,"FORD","OTHER (EXPLAIN IN NARRATIVE)","IL","2020","NONE","BUS UP TO 15 PASS.","PERSONAL","N","SLOW/STOP IN TRAFFIC",,,"1",,,,,,,,,,,,,,,,,,"REAR",,,,,,,,,,,,,,,,,,,,,,,,,,,,,,,,,
"1834970","b11e502c5b8975b4db52405c5929ac6320e3a6b5e17acaca199d8d3ff1a1e02e078598e5f76b1ecca06e046e91c692ac0ac81ab46e553fbc289521cdcc8f8fbd","2024-06-05T05:35:00.000","1","DRIVER",,"1747922",,"TOYOTA","RAV4","IL","2002","UNKNOWN","UNKNOWN/NA","UNKNOWN/NA","NE","STRAIGHT AHEAD",,,"1",,,,,,,"Y","Y","Y",,,,,,,,,"SIDE-RIGHT-REAR",,,,,,,,,,,,,,,,,,,,,,,,,,,,,,,,,
"1834975","9cccdada5ca8ceefaf214ea91554cd58f72d058f417b3e042a6501175e65ebc65483979ff12693eb53e0d397ef7c0f533596f64583b320262b22cb335ddeb79d","2024-06-05T05:10:00.000","1","DRIVER",,"1747927",,"CHEVROLET","COLORADO","IL",,"UNKNOWN","PICKUP","PERSONAL","N","UNKNOWN/NA",,,"1",,,,,,,,,,,,,,,,,"Y","UNKNOWN",,,,,,,,,,,,,,,,,,,,,,,,,,,,,,,,,
"1834976","9cccdada5ca8ceefaf214ea91554cd58f72d058f417b3e042a6501175e65ebc65483979ff12693eb53e0d397ef7c0f533596f64583b320262b22cb335ddeb79d","2024-06-05T05:10:00.000","2","DRIVER",,"1747928",,"NISSAN","SENTRA","IL","2022","NONE","PASSENGER","PERSONAL","N","MERGING",,,"1",,,,,,,,,,,,,"Y","Y","Y",,,"SIDE-LEFT",,,,,,,,,,,,,,,,,,,,,,,,,,,,,,,,,
"1835051","9a2253977ca2bebda34027e5fd24f9d2549db5be4a6992f497bd04f327e1250a96491dad4d22d12137ee737cfe13507d7e0971e03c92a86e59594c72b91cbc1b","2024-06-05T05:00:00.000","1","DRIVER",,"1748002",,"UNKNOWN","MOTORIZED","IL",,"UNKNOWN","UNKNOWN/NA","UNKNOWN/NA","W","UNKNOWN/NA",,,"1",,,,,,,,,,,,,,,,,"Y","UNKNOWN",,,,,,,,,,,,,,,,,,,,,,,,,,,,,,,,,
"1835052","9a2253977ca2bebda34027e5fd24f9d2549db5be4a6992f497bd04f327e1250a96491dad4d22d12137ee737cfe13507d7e0971e03c92a86e59594c72b91cbc1b","2024-06-05T05:00:00.000","2","DRIVERLESS",,"1748004",,"CHEVROLET","EQUINOX","IL","2010","NONE","PASSENGER","NOT IN USE","W","PARKED",,,"0",,,,,,,,,,"Y","Y","Y",,,,,,"REAR-LEFT-CORNER",,,,,,,,,,,,,,,,,,,,,,,,,,,,,,,,,
"1835485","680bd5a60746d476ced075d2869e73de7b94ce7e8dadd433a2cb33ba21a210d142c20f5e617d41b334e1b1af60a338ad3238e2bdeb3b27a88337b280d5ea575d","2024-06-05T04:30:00.000","1","DRIVER",,"1748405",,"UNKNOWN","OTHER (EXPLAIN IN NARRATIVE)",,,"UNKNOWN","UNKNOWN/NA","UNKNOWN/NA","E","PASSING/OVERTAKING",,,"1",,,,,,,,,,,,,,,,,"Y","UNKNOWN",,,,,,,,,,,,,,,,,,,,,,,,,,,,,,,,,