"crash_unit_id","crash_record_id","crash_date","unit_no","unit_type","num_passengers","vehicle_id","cmrc_veh_i","make","model","lic_plate_state","vehicle_year","vehicle_defect","vehicle_type","vehicle_use","travel_direction","maneuver","towed_i","fire_i","occupant_cnt","exceed_speed_limit_i","towed_by","towed_to","area_00_i","area_01_i","area_02_i","area_03_i","area_04_i","area_05_i","area_06_i","area_07_i","area_08_i","area_09_i","area_10_i","area_11_i","area_12_i","area_99_i","first_contact_point","cmv_id","usdot_no","ccmc_no","ilcc_no","commercial_src","gvwr","carrier_name","carrier_state","carrier_city","hazmat_placards_i","hazmat_name","un_no","hazmat_present_i","hazmat_report_i","hazmat_report_no","mcs_report_i","mcs_report_no","hazmat_vio_cause_crash_i","mcs_vio_cause_crash_i","idot_permit_no","wide_load_i","trailer1_width","trailer2_width","trailer1_length","trailer2_length","total_vehicle_length","axle_cnt","vehicle_config","cargo_body_type","load_type","hazmat_out_of_service_i","mcs_out_of_service_i","hazmat_class"
"1834769","0500ea23c381df2b5a92dc698d57728c41ef65464c19af45751caa936b65c79daf5ebdda3ed744e2fb56d224b848e39394925660befd180c3f5f2e83e20e091c","2024-06-04T18:30:00.000","2","PARKED",,"1747736",,"FORD","ESCAPE",,"2002","NONE","PASSENGER","PERSONAL","UNKNOWN","PARKED",,,"0",,,,,,,,,,,,,,,"Y","Y",,"FRONT-LEFT-CORNER",,,,,,,,,,,,,,,,,,,,,,,,,,,,,,,,,
"1835007","0c331d61c90ecf66cc20df165b327604d31fcbb8e2ba5f3844dfbf5b66ac7b4f49b83c55e2c6db8e6c0117ab997403e8798d9b9d1df3528cc07b617140794c0b","2024-06-04T18:30:00.000","1","DRIVER",,"1747955",,"UNKNOWN","MOTORIZED","IL",,"UNKNOWN","UNKNOWN/NA","UNKNOWN/NA","S","UNKNOWN/NA",,,"1",,,,,,,,,,,,,,"Y","Y",,,"FRONT-LEFT-CORNER",,,,,,,,,,,,,,,,,,,,,,,,,,,,,,,,,
"1835008","0c331d61c90ecf66cc20df165b327604d31fcbb8e2ba5f3844dfbf5b66ac7b4f49b83c55e2c6db8e6c0117ab997403e8798d9b9d1df3528cc07b617140794c0b","2024-06-04T18:30:00.000","2","PARKED",,"1747956",,"AUDI","Q3","IL","2022","NONE","PASSENGER","PERSONAL","S","PARKED",,,"0",,,,,"Y","Y","Y","Y","Y",,,,,,,,,"SIDE-RIGHT",,,,,,,,,,,,,,,,,,,,,,,,,,,,,,,,,
"1834815","454f4632ab9c668f155cefe01cbec99dba36fffc0363cb5bef7cc713cb9444f732b1047d4df3f59493b3d83c33fbfc7d2e84bbc158e39b98d0fcafff665b9bca","2024-06-04T18:29:00.000","1","DRIVER",,"1747767",,"HONDA","OTHER (EXPLAIN IN NARRATIVE)","IL","2006","UNKNOWN","PASSENGER","UNKNOWN/NA","N","ENTERING TRAFFIC LANE FROM PARKING",,,"1",,,,,,,,,,,,,,"Y","Y","Y",,"FRONT-LEFT-CORNER",,,,,,,,,,,,,,,,,,,,,,,,,,,,,,,,,
"1834816","454f4632ab9c668f155cefe01cbec99dba36fffc0363cb5bef7cc713cb9444f732b1047d4df3f59493b3d83c33fbfc7d2e84bbc158e39b98d0fcafff665b9bca","2024-06-04T18:29:00.000","2","DRIVER",,"1747772",,"NISSAN","SENTRA","IL","2007","NONE","PASSENGER","PERSONAL","N","STRAIGHT AHEAD",,,"1",,,,,,"Y","Y","Y",,,,,,,,,,"SIDE-RIGHT",,,,,,,,,,,,,,,,,,,,,,,,,,,,,,,,,
"1834839","16ed493e8690565d240f0c3b0453ea1baab636a614b335b398a0563719b984241c9452bea0269541b04eb1fc1535204dd5ed8308f079bf958840b65814c4a507","2024-06-04T18:20:00.000","1","DRIVER",,"1747798",,"FORD","OTHER (EXPLAIN IN NARRATIVE)","IL","2010","BRAKES","PASSENGER","PERSONAL","W","STRAIGHT AHEAD",,,"1",,,,,"Y",,,,,,,,,,,,,"FRONT-RIGHT-CORNER",,,,,,,,,,,,,,,,,,,,,,,,,,,,,,,,,
"1834840","16ed493e8690565d240f0c3b0453ea1baab636a614b335b398a0563719b984241c9452bea0269541b04eb1fc1535204dd5ed8308f079bf958840b65814c4a507","2024-06-04T18:20:00.000","2","DRIVER",,"1747804",,"CHEVROLET","NOVA","IN","2014","NONE","PICKUP","PERSONAL","N","STRAIGHT AHEAD",,,"1",,,,,,,,,"Y",,,,,,,,,"SIDE-RIGHT-REAR",,,,,,,,,,,,,,,,,,,,,,,,,,,,,,,,,
"1835249","c4dcfa6f0a25a3203dc7ecc8dfd3937a1e12fc69aee06d7d23d95e8f0a793c902b94af60fac948682549d18ba3010ac65611ea851f783ee7759ae3b9faec1e49","2024-06-04T18:15:00.000","1","DRIVER",,"1748183",,"UNKNOWN","MOTORIZED",,,"UNKNOWN","OTHER","UNKNOWN/NA","N","STRAIGHT AHEAD",,,"1",,,,,,,,,,,,,,,,,"Y","UNKNOWN",,,,,,,,,,,,,,,,,,,,,,,,,,,,,,,,,
"1835250","c4dcfa6f0a25a3203dc7ecc8dfd3937a1e12fc69aee06d7d23d95e8f0a793c902b94af60fac948682549d18ba3010ac65611ea851f783ee7759ae3b9faec1e49","2024-06-04T18:15:00.000","2","DRIVER",,"1748190",,"ACURA","RLX","IL","2023","NONE","PASSENGER","PERSONAL","N","STRAIGHT AHEAD",,,"1",,,,,,,,,,,,"Y","Y","Y",,,,"SIDE-LEFT",,,,,,,,,,,,,,,,,,,,,,,,,,,,,,,,,
"1834793","cfbb797b9c29d90dc63f2b2a41d6b96893cef8a39dfbadb5c77a178a686762266af54acc62da2f75c1f4c610cfca9b60173960031c85e527fc24a20341b74a9c","2024-06-04T18:13:00.000","1","DRIVER",,"1747785",,"UNKNOWN","OTHER (EXPLAIN IN NARRATIVE)",,,"UNKNOWN","VAN/MINI-VAN","UNKNOWN/NA","S","STRAIGHT AHEAD",,,"1",,,,,"Y","Y",,,,,,,,,,,"Y","FRONT-RIGHT-CORNER",,,,,,,,,,,,,,,,,,,,,,,,,,,,,,,,,
"1834794","cfbb797b9c29d90dc63f2b2a41d6b96893cef8a39dfbadb5c77a178a686762266af54acc62da2f75c1f4c610cfca9b60173960031c85e527fc24a20341b74a9c","2024-06-04T18:13:00.000","2","DRIVER",,"1747792",,"UNKNOWN","OTHER (EXPLAIN IN NARRATIVE)","IL","2017","NONE","BUS UP TO 15 PASS.","OTHER","S","SLOW/STOP IN TRAFFIC",,,"1",,,,,,,,,,,,,,"Y",,,,"SIDE-LEFT",,,,,,,,,,,,,,,,,,,,,,,,,,,,,,,,,
"1834797","2c02b05657fd84198620e06e56d3c859287333ea1487b4dfe182d82f94c44ba8925cea1ecb444ad12d0dc329b3ce5a153eb1d48013b9e6c63f8d451225005033","2024-06-04T18:11:00.000","1","DRIVER","1","1747755",,"TOYOTA","COROLLA","IL","2005","NONE","PASSENGER","PERSONAL","W","PASSING/OVERTAKING",,,"2",,,,,,"Y",,,,,,,,,,,,"SIDE-RIGHT",,,,,,,,,,,,,,,,,,,,,,,,,,,,,,,,,
"1834798","2c02b05657fd84198620e06e56d3c859287333ea1487b4dfe182d82f94c44ba8925cea1ecb444ad12d0dc329b3ce5a153eb1d48013b9e6c63f8d451225005033","2024-06-04T18:11:00.000","2","DRIVER",,"1747769",,"NOVA BUS","OTHER (EXPLAIN IN NARRATIVE)","IL","2016","NONE","BUS UP TO 15 PASS.","CTA","W","ENTERING TRAFFIC LANE FROM PARKING",,,"1",,,,,,,,,,,,,,,"Y",,,"SIDE-LEFT",,,,,,,,,,,,,,,,,,,,,,,,,,,,,,,,,
"1834762","b68df532fabc918bfe375890d4cb4d06a53891f435d602ec37ca2573c477f7e5e92dbf78791fa9119c0bb3411a982085fbd6f39aaab59772a7975139283ce2ed","2024-06-04T18:06:00.000","1","DRIVER",,"1747728",,"DODGE","RAM 1500 PU","IL","2008","NONE","PICKUP","PERSONAL","W","CHANGING LANES",,,"1",,,,,,,,,,,"Y","Y",,,,,,"REAR-LEFT-CORNER",,,,,,,,,,,,,,,,,,,,,,,,,,,,,,,,,
"1834763","b68df532fabc918bfe375890d4cb4d06a53891f435d602ec37ca2573c477f7e5e92dbf78791fa9119c0bb3411a982085fbd6f39aaab59772a7975139283ce2ed","2024-06-04T18:06:00.000","2","DRIVER",,"1747737",,"CHEVROLET","TRAVERSE","IL","2011","NONE","SPORT UTILITY VEHICLE (SUV)","PERSONAL","W","STRAIGHT AHEAD",,,"1",,,,,"Y","Y",,,,,,,,,,,,"FRONT-RIGHT-CORNER",,,,,,,,,,,,,,,,,,,,,,,,,,,,,,,,,
"1834766","0f5393725b33a21c03e3ccbfe4b77c035ce8b7dae0a8e7818e7e3aeaf579bd745086a03f61b463e4adfe53ccac53a434dca34ea889553f7595165fefad7a48d7","2024-06-04T18:00:00.000","1","DRIVER",,"1747729",,"TOYOTA","OTHER (EXPLAIN IN NARRATIVE)","IL","2005","UNKNOWN","PASSENGER","UNKNOWN/NA","S","STRAIGHT AHEAD",,,"1",,,,,,,,,,,,,,,,"Y",,"FRONT",,,,,,,,,,,,,,,,,,,,,,,,,,,,,,,,,
"1834767","0f5393725b33a21c03e3ccbfe4b77c035ce8b7dae0a8e7818e7e3aeaf579bd745086a03f61b463e4adfe53ccac53a434dca34ea889553f7595165fefad7a48d7","2024-06-04T18:00:00.000","2","DRIVER",,"1747734",,"KIA","SPORTAGE","IL","2024","NONE","PASSENGER","PERSONAL","S","STRAIGHT AHEAD",,,"1",,,,,,,,,,"Y",,,,,,,,"REAR",,,,,,,,,,,,,,,,,,,,,,,,,,,,,,,,,
"1834786","2c8df8e8e16ac66dd725c1e0d2b04d7ec3549798af91ddda2314c7ecd2c7fd929b2d105e35cb22da2e6a7812aaa8341f9ac96f10e3dce14eb270ce7c724caa0c","2024-06-04T18:00:00.000","1","DRIVER",,"1747749",,"SUBARU","OTHER (EXPLAIN IN NARRATIVE)","IL",,"UNKNOWN","PASSENGER","PERSONAL","W","STRAIGHT AHEAD",,,"1",,,,,,,,,,,,,,,,,,"UNKNOWN",,,,,,,,,,,,,,,,,,,,,,,,,,,,,,,,,
"1834787","2c8df8e8e16ac66dd725c1e0d2b04d7ec3549798af91ddda2314c7ecd2c7fd929b2d105e35cb22da2e6a7812aaa8341f9ac96f10e3dce14eb270ce7c724caa0c","2024-06-04T18:00:00.000","2","DRIVER",,"1747770",,"GENERAL MOTORS CORPORATION (GMC)","SIERRA","IL","1999","NONE","PASSENGER","NOT IN USE","E","TURNING LEFT","Y",,"1",,"private tow",,,"Y","Y","Y","Y","Y","Y","Y",,,,,"Y",,"SIDE-RIGHT",,,,,,,,,,,,,,,,,,,,,,,,,,,,,,,,,
"1835440","4972fb638892fc22b3ded1d896bf48b7fbad4f44b01a7b83396fda909e0fe08fb340fa56d6301f192dd7781c742a621749345b7acc3001f37c99643614320c62","2024-06-04T18:00:00.000","1","DRIVER",,"1748377",,"SAAB","OTHER (EXPLAIN IN NARRATIVE)","IL","2007","OTHER","PASSENGER","PERSONAL","S","STRAIGHT AHEAD",,,"1",,,,,,,,,,,,,,,,"Y",,"FRONT",,,,,,,,,,,,,,,,,,,,,,,,,,,,,,,,,
"1835441","4972fb638892fc22b3ded1d896bf48b7fbad4f44b01a7b83396fda909e0fe08fb340fa56d6301f192dd7781c742a621749345b7acc3001f37c99643614320c62","2024-06-04T18:00:00.000","2","DRIVER",,"1748387",,"LEXUS","RX350","IL","2024","UNKNOWN","PASSENGER","PERSONAL","S","STRAIGHT AHEAD",,,"1",,,,,,,,,,"Y",,,,,,,,"REAR",,,,,,,,,,,,,,,,,,,,,,,,,,,,,,,,,
"1834843","6c660cfc1ef84c23cf476f62478a218f129be96d97916e134845a9d23a8dd13e6542193d673e6d149ab78bbc872c5741e72ccb138b4b07c54a1bb0ce1061121a","2024-06-04T18:00:00.000","1","DRIVER","1","1747803",,"FORD","ESCAPE","IL","2017","NONE","SPORT UTILITY VEHICLE (SUV)","PERSONAL","W","AVOIDING VEHICLES/OBJECTS",,,"2",,,,,,"Y","Y","Y",,,,,,,,,,"SIDE-RIGHT",,,,,,,,,,,,,,,,,,,,,,,,,,,,,,,,,
"1834844","6c660cfc1ef84c23cf476f62478a218f129be96d97916e134845a9d23a8dd13e6542193d673e6d149ab78bbc872c5741e72ccb138b4b07c54a1bb0ce1061121a","2024-06-04T18:00:00.000","2","BICYCLE",,,,,,,,,,,,,,,,,,,,,,,,,,,,,,,,,,,,,,,,,,,,,,,,,,,,,,,,,,,,,,,,,,
"1835129","8799acbf5b7e185a699197d7b3dec6727cd72416e95758d8fb255a519736a3dc07377f0cdbf7cc4e82090f973c5e28875ba91442b4d55bb0a8407807e8650b08","2024-06-04T18:00:00.000","1","DRIVER",,"1748074",,"UNKNOWN","OTHER (EXPLAIN IN NARRATIVE)",,,"UNKNOWN","UNKNOWN/NA","UNKNOWN/NA","UNKNOWN","UNKNOWN/NA",,,"1",,,,,,,,,,,,,,,,,"Y","UNKNOWN",,,,,,,,,,,,,,,,,,,,,,,,,,,,,,,,,
"1835130","8799acbf5b7e185a699197d7b3dec6727cd72416e95758d8fb255a519736a3dc07377f0cdbf7cc4e82090f973c5e28875ba91442b4d55bb0a8407807e8650b08","2024-06-04T18:00:00.000","2","PARKED",,"1748076",,"TOYOTA","AVALON","IL","2014","NONE","PASSENGER","NOT IN USE","S","PARKED",,,"0",,,,,"Y",,,,,,,,,,"Y","Y",,"FRONT",,,,,,,,,,,,,,,,,,,,,,,,,,,,,,,,,
"1834771","b6de9b006be2ecef3b9c0d0765dceadcabe53286ecdbf98453ff12ec760f1d5370e772405512ad0603ef6b423bc6de760d6416d947bdfa077f61a88b28c3d492","2024-06-04T18:00:00.000","1","DRIVER",,"1747744",,"BUICK","OTHER (EXPLAIN IN NARRATIVE)","IL","2006","NONE","PASSENGER","UNKNOWN/NA","S","BACKING",,,"1",,,,,,,,,"Y","Y","Y",,,,,,,"REAR",,,,,,,,,,,,,,,,,,,,,,,,,,,,,,,,,
"1834772","b6de9b006be2ecef3b9c0d0765dceadcabe53286ecdbf98453ff12ec760f1d5370e772405512ad0603ef6b423bc6de760d6416d947bdfa077f61a88b28c3d492","2024-06-04T18:00:00.000","2","PARKED",,"1747742",,"ROLLS ROYCE","PHANTOM","IL","2013","NONE","PASSENGER","PERSONAL","N","PARKED",,,"0",,,,,"Y",,,,,,,,,,"Y","Y",,"FRONT",,,,,,,,,,,,,,,,,,,,,,,,,,,,,,,,,
"1834777","c6f74a5bdd30c3ab4ac8d444038eb06e0e996f986fff397da15a404400a7118e558377ec077987867bf7b3a62ab38621c865243c6fc359d9427740e0e9197e25","2024-06-04T18:00:00.000","1","DRIVER","1","1747745",,"NISSAN","VERSA","IL","2014","UNKNOWN","PASSENGER","PERSONAL","E","STRAIGHT AHEAD",,,"2",,,,,,"Y","Y","Y",,,,,,,,,,"SIDE-RIGHT",,,,,,,,,,,,,,,,,,,,,,,,,,,,,,,,,
"1834778","c6f74a5bdd30c3ab4ac8d444038eb06e0e996f986fff397da15a404400a7118e558377ec077987867bf7b3a62ab38621c865243c6fc359d9427740e0e9197e25","2024-06-04T18:00:00.000","2","DRIVER",,"1747753",,"HYUNDAI","ACCENT","IL","2012","UNKNOWN","PASSENGER","PERSONAL","N","STRAIGHT AHEAD",,,"1",,,,,"Y",,,,,,,,,,,,,"FRONT-RIGHT-CORNER",,,,,,,,,,,,,,,,,,,,,,,,,,,,,,,,,
"1834791","d232414cc6894000178a33218e3327a5a9ef61b3188504e14c5d8bc3781e8d27337a4159259e60c64229bd8260570e187d2f42f1082a777128301fae2028df01","2024-06-04T18:00:00.000","1","DRIVER",,"1747752",,"TOYOTA","CAMRY","IL","2024","NONE","PASSENGER","PERSONAL","E","STRAIGHT AHEAD",,,"1",,,,,,,,"Y","Y",,,,,,,,,"SIDE-RIGHT",,,,,,,,,,,,,,,,,,,,,,,,,,,,,,,,,
"1834795","ea0a32fb890987cf223ea99f2b00e0b4789990821a22ffdefe7e1794db732c5b902bd27cea8714e78113d0ff4086f48c418a0d82d5c1921b566982303fffe7a0","2024-06-04T18:00:00.000","1","DRIVER",,"1747751",,"HYUNDAI","ACCENT","IL","2017","NONE","PASSENGER","PERSONAL","N","CHANGING LANES",,,"1",,,,,,,,,,,,"Y","Y","Y","Y",,,"SIDE-LEFT",,,,,,,,,,,,,,,,,,,,,,,,,,,,,,,,,
"1834796","ea0a32fb890987cf223ea99f2b00e0b4789990821a22ffdefe7e1794db732c5b902bd27cea8714e78113d0ff4086f48c418a0d82d5c1921b566982303fffe7a0","2024-06-04T18:00:00.000","2","DRIVER",,"1747756",,"HONDA","CR-V","IL","1998","NONE","PASSENGER","PERSONAL","N","STRAIGHT AHEAD",,,"1",,,,,"Y","Y","Y","Y",,,,,,,,,,"SIDE-RIGHT",,,,,,,,,,,,,,,,,,,,,,,,,,,,,,,,,
"1834933","eb18a7561937b9fdb576ce24dfb55863d2cc584424218e31e1a8a6c9e0deff2d090c49d83ffa158fcaa13066aa5266f5c1cd53aea5454742c35e58c7ff46c43b","2024-06-04T18:00:00.000","1","DRIVER",,"1747894",,"HONDA","OTHER (EXPLAIN IN NARRATIVE)","IL","2022","UNKNOWN","SPORT UTILITY VEHICLE (SUV)","UNKNOWN/NA","E","STRAIGHT AHEAD",,,"1",,,,,,,,,,,,,,,,,"Y","UNKNOWN",,,,,,,,,,,,,,,,,,,,,,,,,,,,,,,,,
"1834934","eb18a7561937b9fdb576ce24dfb55863d2cc584424218e31e1a8a6c9e0deff2d090c49d83ffa158fcaa13066aa5266f5c1cd53aea5454742c35e58c7ff46c43b","2024-06-04T18:00:00.000","2","DRIVER",,"1747887",,"MITSUBISHI","OUTLANDER","IL","2018","NONE","SPORT UTILITY VEHICLE (SUV)","PERSONAL","N","STRAIGHT AHEAD",,,"1",,,,,,,,,,,,,,,"Y",,,"FRONT-LEFT-CORNER",,,,,,,,,,,,,,,,,,,,,,,,,,,,,,,,,
"1834782","6cd49764b87f08af4f96eb41e80b0d62f571f26c6102e0f666c156189af73c6e2ffe37eca9cce4974b44f006a298faf12737802a5ff616401c2f9e235d05fd76","2024-06-04T17:50:00.000","1","DRIVER",,"1747750",,"DODGE","OTHER (EXPLAIN IN NARRATIVE)","IL","2014","NONE","PASSENGER","PERSONAL","UNKNOWN","UNKNOWN/NA",,,"1",,,,,,,,,,,,,,,,,"Y","UNKNOWN",,,,,,,,,,,,,,,,,,,,,,,,,,,,,,,,,
"1834783","6cd49764b87f08af4f96eb41e80b0d62f571f26c6102e0f666c156189af73c6e2ffe37eca9cce4974b44f006a298faf12737802a5ff616401c2f9e235d05fd76","2024-06-04T17:50:00.000","2","PARKED","1","1747754",,"FORD","OTHER (EXPLAIN IN NARRATIVE)","IL","2015","NONE","PASSENGER","PERSONAL","UNKNOWN","PARKED",,,"1",,,,,,"Y",,,,,,,,,,,,"SIDE-RIGHT-FRONT",,,,,,,,,,,,,,,,,,,,,,,,,,,,,,,,,
"1834757","3f711d84962df7d486f17024a45b6d6795582ee771441be9e6c265c9758b91aa5d75104859d63a4591c6678afc3af2261c609006e719c3763192c048b4a05166","2024-06-04T17:45:00.000","1","DRIVER",,"1747723",,"TOYOTA","CAMRY","IL","2014","UNKNOWN","PASSENGER","PERSONAL","S","STRAIGHT AHEAD",,,"1",,,,,,,,,,,,,,,,"Y",,"FRONT",,,,,,,,,,,,,,,,,,,,,,,,,,,,,,,,,
"1834758","3f711d84962df7d486f17024a45b6d6795582ee771441be9e6c265c9758b91aa5d75104859d63a4591c6678afc3af2261c609006e719c3763192c048b4a05166","2024-06-04T17:45:00.000","2","DRIVER",,"1747730",,"JEEP","COMPASS","IL","2016","UNKNOWN","SPORT UTILITY VEHICLE (SUV)","PERSONAL","E","STRAIGHT AHEAD",,,"1",,,,,,,,,,,,"Y","Y","Y",,,,"SIDE-LEFT",,,,,,,,,,,,,,,,,,,,,,,,,,,,,,,,,
"1834707","49820b62a08b30244defce28cf98a58255c61dfe89c5dc74b5397dcd2049345fcee9c78adab9dad4cddaf84c964b9615ec18b0d54cf6f8978d1228fd2fbb1168","2024-06-04T17:44:00.000","1","DRIVER",,"1747671",,"FORD","OTHER (EXPLAIN IN NARRATIVE)","IL","2001","NONE","PICKUP","UNKNOWN/NA","E","TURNING RIGHT",,,"1",,,,,,,,,,,,,,,,"Y",,"FRONT",,,,,,,,,,,,,,,,,,,,,,,,,,,,,,,,,
"1834708","49820b62a08b30244defce28cf98a58255c61dfe89c5dc74b5397dcd2049345fcee9c78adab9dad4cddaf84c964b9615ec18b0d54cf6f8978d1228fd2fbb1168","2024-06-04T17:44:00.000","2","DRIVER",,"1747679",,"JEEP","COMPASS","IL","2020","NONE","PASSENGER","PERSONAL","E","STRAIGHT AHEAD",,,"1",,,,,,,,,"Y","Y",,,,,,,,"REAR-RIGHT-CORNER",,,,,,,,,,,,,,,,,,,,,,,,,,,,,,,,,
"1834734","cbdeb8d851847613e31da4c97e645dce37fa275558822c530a88db713147ec53a35070f38d22df856ce88db52f66848f281d11b9d29e238b45b3bcbc11b2027f","2024-06-04T17:37:00.000","1","DRIVER",,"1747706",,"NEW FLYER","OTHER (EXPLAIN IN NARRATIVE)","IL","2012","UNKNOWN","BUS OVER 15 PASS.","CTA","N","PASSING/OVERTAKING",,,"1",,,,,,,,,,,,,,,"N",,"Y","UNKNOWN",,,,,,,,,,,,,,,,,,,,,,,,,,,,,,,,,
"1834735","cbdeb8d851847613e31da4c97e645dce37fa275558822c530a88db713147ec53a35070f38d22df856ce88db52f66848f281d11b9d29e238b45b3bcbc11b2027f","2024-06-04T17:37:00.000","2","DRIVER",,"1747724",,"PORSCHE","CAYENNE","IL","2024","UNKNOWN","SPORT UTILITY VEHICLE (SUV)","PERSONAL","N","STRAIGHT AHEAD",,,"1",,,,,"Y","Y",,,,,,,,"N","N",,,"FRONT-RIGHT-CORNER",,,,,,,,,,,,,,,,,,,,,,,,,,,,,,,,,
"1834724","d33cc7fd66dffe6f28d6481a1c5ae80e09ea4168d6634426169c1014d040244303b7d5e79847aaf7f2ac4873c9dc6bbb2685f27937a72bcc37dc386ce767f324","2024-06-04T17:36:00.000","1","DRIVER",,"1747690",,"CHEVROLET","OTHER (EXPLAIN IN NARRATIVE)","IL","2023","NONE","PASSENGER","PERSONAL","N","STRAIGHT AHEAD",,,"1",,,,,"N","N",,,,,,,,,"Y","Y",,"FRONT-LEFT-CORNER",,,,,,,,,,,,,,,,,,,,,,,,,,,,,,,,,
"1834725","d33cc7fd66dffe6f28d6481a1c5ae80e09ea4168d6634426169c1014d040244303b7d5e79847aaf7f2ac4873c9dc6bbb2685f27937a72bcc37dc386ce767f324","2024-06-04T17:36:00.000","2","DRIVER","1","1747698",,"FORD","EXPLORER","IL","2021","NONE","PASSENGER","POLICE","E","STRAIGHT AHEAD",,,"2",,,,,,"Y",,,,,,,,,,,,"SIDE-RIGHT",,,,,,,,,,,,,,,,,,,,,,,,,,,,,,,,,
"1834730","2c4b44998c28a4cb11e0c7c1fdad88e957b6e6e072388eb9c69ae522432f889f07fea4f493ba6b07ffbd004ef8e806cccacd525bda0bd04372fb0278eda313b8","2024-06-04T17:30:00.000","1","DRIVER",,"1747694",,"TOYOTA","4RUNNER","IL","2019","NONE","PASSENGER","PERSONAL","E","TURNING LEFT",,,"1",,,,,,,,,,,"Y",,,,,,,"REAR-LEFT-CORNER",,,,,,,,,,,,,,,,,,,,,,,,,,,,,,,,,
"1834731","2c4b44998c28a4cb11e0c7c1fdad88e957b6e6e072388eb9c69ae522432f889f07fea4f493ba6b07ffbd004ef8e806cccacd525bda0bd04372fb0278eda313b8","2024-06-04T17:30:00.000","2","DRIVER",,"1747700",,"MAZDA","CX-5","IL","2019","NONE","PASSENGER","PERSONAL","E","STRAIGHT AHEAD",,,"1",,,,,"Y","N",,,,,,,,,,,,"FRONT-LEFT-CORNER",,,,,,,,,,,,,,,,,,,,,,,,,,,,,,,,,
"1835641","b9bcca39284dbf5be3e5d63d935bef96563d706b6c40d31962dad267aef53792165b4a1ba990f5bb24f9453515f88b719aa596ca10f2bb81b2a6d544c21c0d2c","2024-06-04T17:30:00.000","1","DRIVER",,"1748567",,"TOYOTA","TACOMA","IL","2010","NONE","PICKUP","PERSONAL","E","STRAIGHT AHEAD",,,"1",,,,"Y",,,,,,,,,,,,"N",,"NONE",,,,,,,,,,,,,,,,,,,,,,,,,,,,,,,,,
"1835642","b9bcca39284dbf5be3e5d63d935bef96563d706b6c40d31962dad267aef53792165b4a1ba990f5bb24f9453515f88b719aa596ca10f2bb81b2a6d544c21c0d2c","2024-06-04T17:30:00.000","2","DRIVER",,"1748566",,"HONDA","ELEMENT","IL","2003","NONE","SPORT UTILITY VEHICLE (SUV)","PERSONAL","E","SLOW/STOP IN TRAFFIC",,,"1",,,,,,,,,,"Y",,,,,,,,"REAR",,,,,,,,,,,,,,,,,,,,,,,,,,,,,,,,,
"1834736","c0ae533dcdadfb24575039994b93222504b3ed42bff1023d9a8cefe6b25a63f36276c2c597d025fb63afc458fa07d74fe05d8f9403011f917bcdecd5dc1135b4","2024-06-04T17:30:00.000","1","DRIVER",,"1747705","Y","FORD","OTHER (EXPLAIN IN NARRATIVE)","IL","2021","NONE","TRUCK - SINGLE UNIT","COMMERCIAL - SINGLE UNIT","S","STRAIGHT AHEAD",,,"1",,,,,,,,,"Y",,,,,,,,,"SIDE-RIGHT-REAR","19386",,,,"DRIVER","1","AMAZON LOGISTICS INC","IL","DES PLAINES",,,,"N","N",,"U",,"N","U",,,,,,,,"2","SINGLE UNIT TRUCK, 2 AXLES, 6 TIRES","VAN/ENCLOSED BOX","OTHER","N","N",
"1834737","c0ae533dcdadfb24575039994b93222504b3ed42bff1023d9a8cefe6b25a63f36276c2c597d025fb63afc458fa07d74fe05d8f9403011f917bcdecd5dc1135b4","2024-06-04T17:30:00.000","2","PARKED",,"1747719",,"ACURA","ZDX","IL","2017","NONE","SPORT UTILITY VEHICLE (SUV)","NOT IN USE","S","PARKED",,,"0",,,,,,,,,,,,,,,"Y",,,"FRONT-LEFT-CORNER",,,,,,,,,,,,,,,,,,,,,,,,,,,,,,,,,
"1834799","d715e385a1d566ee7fbb4488f224d5cfbbc8ef27f8b20210985616415c133c6edc9616474cd872078cb5c159b1ee30cf5d4b0b4aff09a1dc569711e71e614774","2024-06-04T17:30:00.000","1","DRIVER",,"1747760",,"FORD","FIESTA","IL","2018","UNKNOWN","PASSENGER","UNKNOWN/NA","N","CHANGING LANES",,,"1",,,,,,,,,,,"N","N","N",,,,"Y","SIDE-LEFT-REAR",,,,,,,,,,,,,,,,,,,,,,,,,,,,,,,,,
"1834800","d715e385a1d566ee7fbb4488f224d5cfbbc8ef27f8b20210985616415c133c6edc9616474cd872078cb5c159b1ee30cf5d4b0b4aff09a1dc569711e71e614774","2024-06-04T17:30:00.000","2","DRIVER",,"1747771",,"UNKNOWN","OTHER (EXPLAIN IN NARRATIVE)","IN","2004","NONE","TRACTOR W/ SEMI-TRAILER","CAMPER/RV - SINGLE UNIT","N","STRAIGHT AHEAD",,,"1",,,,,"Y","Y",,,,,,,,,,,,"SIDE-RIGHT-FRONT",,,,,,,,,,,,,,,,,,,,,,,,,,,,,,,,,