"crash_unit_id","crash_record_id","crash_date","unit_no","unit_type","num_passengers","vehicle_id","cmrc_veh_i","make","model","lic_plate_state","vehicle_year","vehicle_defect","vehicle_type","vehicle_use","travel_direction","maneuver","towed_i","fire_i","occupant_cnt","exceed_speed_limit_i","towed_by","towed_to","area_00_i","area_01_i","area_02_i","area_03_i","area_04_i","area_05_i","area_06_i","area_07_i","area_08_i","area_09_i","area_10_i","area_11_i","area_12_i","area_99_i","first_contact_point","cmv_id","usdot_no","ccmc_no","ilcc_no","commercial_src","gvwr","carrier_name","carrier_state","carrier_city","hazmat_placards_i","hazmat_name","un_no","hazmat_present_i","hazmat_report_i","hazmat_report_no","mcs_report_i","mcs_report_no","hazmat_vio_cause_crash_i","mcs_vio_cause_crash_i","idot_permit_no","wide_load_i","trailer1_width","trailer2_width","trailer1_length","trailer2_length","total_vehicle_length","axle_cnt","vehicle_config","cargo_body_type","load_type","hazmat_out_of_service_i","mcs_out_of_service_i","hazmat_class"
"1834720","cd0b76492f2f03753f95301d88b4ccc9442cf77e743adb5c1add4b259c9478381bd2db6c82b8b7d0a7f5a9f4dc020b00d9ee0ec22ae45d6c26b56e2bde1c28f4","2024-06-04T17:20:00.000","1","DRIVER",,"1747709",,"NISSAN","OTHER (EXPLAIN IN NARRATIVE)","IL",,"UNKNOWN","UNKNOWN/NA","UNKNOWN/NA","UNKNOWN","STRAIGHT AHEAD",,,"1",,,,,,,,,,,,,,,,,"Y","UNKNOWN",,,,,,,,,,,,,,,,,,,,,,,,,,,,,,,,,
"1834721","cd0b76492f2f03753f95301d88b4ccc9442cf77e743adb5c1add4b259c9478381bd2db6c82b8b7d0a7f5a9f4dc020b00d9ee0ec22ae45d6c26b56e2bde1c28f4","2024-06-04T17:20:00.000","2","BICYCLE",,,,,,,,,,,,,,,,,,,,,,,,,,,,,,,,,,,,,,,,,,,,,,,,,,,,,,,,,,,,,,,,,,
"1834832","7e58c05e3c7827c59153f86aa1267c27d3b80323a1512558b46a732208755ed3a3ca8bd8f0dddbacc9a21ebed52c3efa943be4a78287302f1de304380130f391","2024-06-04T17:19:00.000","1","DRIVER",,"1747786",,"NISSAN","OTHER (EXPLAIN IN NARRATIVE)",,,"UNKNOWN","UNKNOWN/NA","UNKNOWN/NA","S","STRAIGHT AHEAD",,,"1",,,,,"Y",,,,,,,,,,"Y","Y",,"FRONT",,,,,,,,,,,,,,,,,,,,,,,,,,,,,,,,,
"1834833","7e58c05e3c7827c59153f86aa1267c27d3b80323a1512558b46a732208755ed3a3ca8bd8f0dddbacc9a21ebed52c3efa943be4a78287302f1de304380130f391","2024-06-04T17:19:00.000","2","DRIVER","1","1747790",,"VOLVO","XC90","IL","2019","UNKNOWN","PASSENGER","PERSONAL","S","STRAIGHT AHEAD",,,"2",,,,,,,,,"Y","Y","Y",,,,,,,"REAR",,,,,,,,,,,,,,,,,,,,,,,,,,,,,,,,,
"1834746","b537697e837ed24f16cd814a83f9eaaefb46723d4b4797454a801063276101c1f8a0d89668e2f334f6f881bebddf87c51e12fe9abdb8ae97e207025d2cf54daf","2024-06-04T17:13:00.000","1","DRIVER",,"1747717",,"HONDA","PILOT","IL","2018","NONE","PASSENGER","PERSONAL","S","STRAIGHT AHEAD",,,"1",,,,,"Y",,,,,,,,,,"Y","Y",,"FRONT",,,,,,,,,,,,,,,,,,,,,,,,,,,,,,,,,
"1834747","b537697e837ed24f16cd814a83f9eaaefb46723d4b4797454a801063276101c1f8a0d89668e2f334f6f881bebddf87c51e12fe9abdb8ae97e207025d2cf54daf","2024-06-04T17:13:00.000","2","DRIVER",,"1747733",,"NISSAN","KICKS","IL","2021","NONE","PASSENGER","PERSONAL","E","STRAIGHT AHEAD",,,"1",,,,,"Y",,,,,,,,,"Y","Y","Y",,"FRONT-LEFT-CORNER",,,,,,,,,,,,,,,,,,,,,,,,,,,,,,,,,
"1834716","331b3451d4df6a7769e776aeb62079c059fc5977416b3c26ea13e3b3b841dd26126e7fdc97ce85b840fafefb62cbd114a480216ca1744ed62012e92f46348ec5","2024-06-04T17:09:00.000","1","BICYCLE",,,,,,,,,,,,,,,,,,,,,,,,,,,,,,,,,,,,,,,,,,,,,,,,,,,,,,,,,,,,,,,,,,
"1834717","331b3451d4df6a7769e776aeb62079c059fc5977416b3c26ea13e3b3b841dd26126e7fdc97ce85b840fafefb62cbd114a480216ca1744ed62012e92f46348ec5","2024-06-04T17:09:00.000","2","DRIVER","1","1747692",,"FORD","EXPLORER","IL","2021","UNKNOWN","SPORT UTILITY VEHICLE (SUV)","POLICE","W","STRAIGHT AHEAD",,,"2",,,,,,,,,,,,,,,,"N",,"FRONT",,,,,,,,,,,,,,,,,,,,,,,,,,,,,,,,,
"1834738","41db09ef0493a0d1c813e4359d3fca2a1f1cf5160882a71895bd0a27e143636c5833b5cecc7f2489f8ae1db1476b546e5e2a50c4765b92f268961ffc07c22e43","2024-06-04T17:05:00.000","1","DRIVER",,"1747704",,"UNKNOWN","OTHER (EXPLAIN IN NARRATIVE)",,,"UNKNOWN","TRUCK - SINGLE UNIT","OTHER","W","TURNING LEFT",,,"1",,,,,"Y",,,,,,,,,,,,,"FRONT-RIGHT-CORNER",,,,,,,,,,,,,,,,,,,,,,,,,,,,,,,,,
"1834739","41db09ef0493a0d1c813e4359d3fca2a1f1cf5160882a71895bd0a27e143636c5833b5cecc7f2489f8ae1db1476b546e5e2a50c4765b92f268961ffc07c22e43","2024-06-04T17:05:00.000","2","DRIVER","1","1747707",,"HYUNDAI","ELANTRA","IL","2018","NONE","PASSENGER","PERSONAL","W","SLOW/STOP IN TRAFFIC",,,"2",,,,,,,,,,,"Y",,,,,,,"SIDE-LEFT-REAR",,,,,,,,,,,,,,,,,,,,,,,,,,,,,,,,,
"1834750","a7390e2d073db7fbeda306cc9edab3957bb3b7f7a26276c889a51e06e69a6afd9ca153fe21573297d499bb41d9951c448a3dc40d697385700cca6cdb14a75467","2024-06-04T17:05:00.000","1","DRIVER",,"1747725",,"CHEVROLET","TAHOE","IL","2005","UNKNOWN","SPORT UTILITY VEHICLE (SUV)","PERSONAL","W","STRAIGHT AHEAD",,,"1",,,,,"Y","Y","Y","Y",,,,,,,,,,"FRONT-RIGHT-CORNER",,,,,,,,,,,,,,,,,,,,,,,,,,,,,,,,,
"1834751","a7390e2d073db7fbeda306cc9edab3957bb3b7f7a26276c889a51e06e69a6afd9ca153fe21573297d499bb41d9951c448a3dc40d697385700cca6cdb14a75467","2024-06-04T17:05:00.000","2","PARKED",,"1747731",,"HONDA","ACCORD","IL","2015","UNKNOWN","PASSENGER","PERSONAL","W","PARKED",,,"0",,,,,,,,,,,"Y","Y","N","N","N",,,"SIDE-LEFT-REAR",,,,,,,,,,,,,,,,,,,,,,,,,,,,,,,,,
"1834809","cfd6f757bba8f36eed63be49d56a9ea37da3c04397c3e26708aa987f499d0712b6693751f814ce04fcd3cbb445f50408bb305d899dc45c27fb0ebff016dd792f","2024-06-04T17:05:00.000","1","DRIVER",,"1747762",,"UNKNOWN","OTHER (EXPLAIN IN NARRATIVE)","IL",,"UNKNOWN","UNKNOWN/NA","UNKNOWN/NA","UNKNOWN","UNKNOWN/NA",,,"1",,,,,,,,,,,,,,,,,"Y","UNKNOWN",,,,,,,,,,,,,,,,,,,,,,,,,,,,,,,,,
"1834810","cfd6f757bba8f36eed63be49d56a9ea37da3c04397c3e26708aa987f499d0712b6693751f814ce04fcd3cbb445f50408bb305d899dc45c27fb0ebff016dd792f","2024-06-04T17:05:00.000","2","PARKED",,"1747764",,"TOYOTA","COROLLA","IL","2023","NONE","PASSENGER","PERSONAL","UNKNOWN","PARKED",,,"0",,,,,,,,,,"Y",,,,,,,,"REAR",,,,,,,,,,,,,,,,,,,,,,,,,,,,,,,,,
"1834709","0ac35af405655464905fea2c11cd3ce035814afc9a331a80ae21f030add59f366a8f3814c42a788400e0a2e9faeecbb932b1d1d8ac99d9b085a249681227969a","2024-06-04T17:00:00.000","1","DRIVER",,"1747681",,"UNKNOWN","OTHER (EXPLAIN IN NARRATIVE)",,,"UNKNOWN","PASSENGER","UNKNOWN/NA","E","SKIDDING/CONTROL LOSS",,,"1",,,,,,,,,,,,,,,,,"Y","FRONT",,,,,,,,,,,,,,,,,,,,,,,,,,,,,,,,,
"1834710","0ac35af405655464905fea2c11cd3ce035814afc9a331a80ae21f030add59f366a8f3814c42a788400e0a2e9faeecbb932b1d1d8ac99d9b085a249681227969a","2024-06-04T17:00:00.000","2","PARKED",,"1747664",,"FORD","TAURUS","IL","2001","UNKNOWN","PASSENGER","PERSONAL","E","PARKED",,,"0",,,,,,,,,"Y","Y","Y",,,,,,"Y","SIDE-LEFT-REAR",,,,,,,,,,,,,,,,,,,,,,,,,,,,,,,,,
"1834711","0ac35af405655464905fea2c11cd3ce035814afc9a331a80ae21f030add59f366a8f3814c42a788400e0a2e9faeecbb932b1d1d8ac99d9b085a249681227969a","2024-06-04T17:00:00.000","3","PARKED",,"1747669",,"CADILLAC","ESCALADE","IL","2002","UNKNOWN","SPORT UTILITY VEHICLE (SUV)","PERSONAL","E","PARKED",,,"0",,,,,,,,,"Y","Y","Y",,,,,,"Y","REAR",,,,,,,,,,,,,,,,,,,,,,,,,,,,,,,,,
"1834775","382d98c1b7dfc23fc4551649f6d99c795aa038d51799485010052dbbfe09233855528eb55524301b12df840e1352d944605d072a3505667bedd5a7c60c5a0434","2024-06-04T17:00:00.000","1","DRIVER",,"1747739",,"UNKNOWN","OTHER (EXPLAIN IN NARRATIVE)","IL",,"UNKNOWN","UNKNOWN/NA","UNKNOWN/NA","UNKNOWN","UNKNOWN/NA",,,"1",,,,,,,,,,,,,,,,,"Y","UNKNOWN",,,,,,,,,,,,,,,,,,,,,,,,,,,,,,,,,
"1834776","382d98c1b7dfc23fc4551649f6d99c795aa038d51799485010052dbbfe09233855528eb55524301b12df840e1352d944605d072a3505667bedd5a7c60c5a0434","2024-06-04T17:00:00.000","2","PARKED",,"1747747",,"NISSAN","VERSA","IL","2017","UNKNOWN","PASSENGER","PERSONAL","N","PARKED",,,"0",,,,,,,,,,,"Y","Y",,,,,,"REAR-LEFT-CORNER",,,,,,,,,,,,,,,,,,,,,,,,,,,,,,,,,
"1834759","7165314ae749c6cab12a113d3972730c4dbdef390259772fcf330dcdee1194b13620e3301b40779880eda1a8cf59d6a3af1ca3b768522cda4ba160e0ad66c476","2024-06-04T17:00:00.000","1","DRIVER",,"1747726",,"UNKNOWN","OTHER (EXPLAIN IN NARRATIVE)","IL",,"UNKNOWN","PASSENGER","UNKNOWN/NA","N","TURNING RIGHT",,,"1",,,,,,,,,,,,,,,,,"Y","FRONT-RIGHT-CORNER",,,,,,,,,,,,,,,,,,,,,,,,,,,,,,,,,
"1834770","7165314ae749c6cab12a113d3972730c4dbdef390259772fcf330dcdee1194b13620e3301b40779880eda1a8cf59d6a3af1ca3b768522cda4ba160e0ad66c476","2024-06-04T17:00:00.000","2","BICYCLE",,,,,,,,,,,,,,,,,,,,,,,,,,,,,,,,,,,,,,,,,,,,,,,,,,,,,,,,,,,,,,,,,,
"1834697","4fd7844370f256a935168e9c1e68e84efe404c688ae599ab73dad5ff75606d7af247e542768790a534c18088101ef7dc57d53d8ae43cb432ab291cea902fbed3","2024-06-04T16:55:00.000","1","DRIVER","1","1747666","N","BLUE BIRD BODY COMPANY","BLUE BIRD BODY CO.","IL","2019","NONE","BUS OVER 15 PASS.","SCHOOL BUS","S","TURNING RIGHT",,,"2",,,,,,,"Y","Y",,,,,,,,,,"SIDE-RIGHT-REAR",,,,,,,,,,,,,,,,,,,,,,,,,,,,,,,,,
"1834698","4fd7844370f256a935168e9c1e68e84efe404c688ae599ab73dad5ff75606d7af247e542768790a534c18088101ef7dc57d53d8ae43cb432ab291cea902fbed3","2024-06-04T16:55:00.000","2","PARKED",,"1747678",,"HONDA","CIVIC","IN","2012","NONE","PASSENGER","PERSONAL","S","PARKED",,,"0",,,,,,,,,,,"Y",,,,,,,"SIDE-LEFT-REAR",,,,,,,,,,,,,,,,,,,,,,,,,,,,,,,,,
"1834660","d4b74245ad369a70646d588b8bbb06dd9f78a18e44bfc606dfe7103f7202aed59155de328e28880b511e8f942eec15d421294a77c584da1e51e4edc88052fb76","2024-06-04T16:54:00.000","1","DRIVER",,"1747628",,"SCION","TC","IL","2005","NONE","PASSENGER","PERSONAL","W","BACKING",,,"1",,,,,,,,,,,"Y",,,,,,,"REAR-LEFT-CORNER",,,,,,,,,,,,,,,,,,,,,,,,,,,,,,,,,
"1834661","d4b74245ad369a70646d588b8bbb06dd9f78a18e44bfc606dfe7103f7202aed59155de328e28880b511e8f942eec15d421294a77c584da1e51e4edc88052fb76","2024-06-04T16:54:00.000","2","DRIVER",,"1747629",,"FORD","EXPLORER","IL","2017","NONE","PASSENGER","POLICE","E","BACKING",,,"1",,,,,,,,,"Y",,,,,,,,,"REAR-RIGHT-CORNER",,,,,,,,,,,,,,,,,,,,,,,,,,,,,,,,,
"1834728","adaa4de3ec4f88696bdc2ed241b4be6d6eae1cc666c20afc4b97801ff0a7f8864364d6b3e5c080f4d40fe2750c8eda954008266d74ff7526fe438839b88f6517","2024-06-04T16:45:00.000","1","DRIVER",,"1747691",,"FORD","ESCAPE","IL","2010","NONE","PASSENGER","PERSONAL","S","MERGING",,,"1",,,,,,,,,,,,,,,,,,"FRONT-LEFT-CORNER",,,,,,,,,,,,,,,,,,,,,,,,,,,,,,,,,
"1834729","adaa4de3ec4f88696bdc2ed241b4be6d6eae1cc666c20afc4b97801ff0a7f8864364d6b3e5c080f4d40fe2750c8eda954008266d74ff7526fe438839b88f6517","2024-06-04T16:45:00.000","2","DRIVER",,"1747696",,"VOLKSWAGEN","PASSAT","OH","2010","NONE","PASSENGER","PERSONAL","S","STRAIGHT AHEAD",,,"1",,,,,,,,,,,,,,,,,,"SIDE-RIGHT",,,,,,,,,,,,,,,,,,,,,,,,,,,,,,,,,
"1834674","99e708a0782847c4a4e777be6ed4d0d120dd1c53ee2dccddc6ea8a677b4b648aa1c3715e487ebd36f4436a49255868bbc67fe59dfb0c2ed17fc3ed06c12b9ff8","2024-06-04T16:41:00.000","1","DRIVER",,"1747646",,"NISSAN","ROGUE","IL","2009","NONE","PASSENGER","PERSONAL","W","STRAIGHT AHEAD",,,"1",,,,,,,,,,,,,,,,"Y",,"FRONT",,,,,,,,,,,,,,,,,,,,,,,,,,,,,,,,,
"1834675","99e708a0782847c4a4e777be6ed4d0d120dd1c53ee2dccddc6ea8a677b4b648aa1c3715e487ebd36f4436a49255868bbc67fe59dfb0c2ed17fc3ed06c12b9ff8","2024-06-04T16:41:00.000","2","BICYCLE",,,,,,,,,,,,,,,,,,,,,,,,,,,,,,,,,,,,,,,,,,,,,,,,,,,,,,,,,,,,,,,,,,
"1834693","261470a1947f2dab7df85e93ba3a7b39e00c29246f6fca7c03d6f2a5d047dfb917476d41f1218bf0c460e843102c40d889a17f50d39f64c7ca8e32bbe5161453","2024-06-04T16:40:00.000","1","DRIVER","6","1747667",,"PONTIAC","G6","IL","2008","NONE","PASSENGER","PERSONAL","N","STRAIGHT AHEAD",,,"7",,,,,"Y",,,,,,,,,,"Y","Y",,"FRONT",,,,,,,,,,,,,,,,,,,,,,,,,,,,,,,,,
"1834694","261470a1947f2dab7df85e93ba3a7b39e00c29246f6fca7c03d6f2a5d047dfb917476d41f1218bf0c460e843102c40d889a17f50d39f64c7ca8e32bbe5161453","2024-06-04T16:40:00.000","2","DRIVER",,"1747695",,"MAZDA","CX-5","IN","2022","NONE","PASSENGER","PERSONAL","W","STRAIGHT AHEAD",,,"1",,,,,,,,,,,,"Y","Y","Y",,,,"SIDE-LEFT-FRONT",,,,,,,,,,,,,,,,,,,,,,,,,,,,,,,,,
"1834638","21e1fb9d0b46b4df13a491b8e5d3124ce4ef126c8c2679c651347d3f7e74c376c63ff61a40d60dabb063d783c4a9d1794b28e90cbcd3c24695908f9d8f19441e","2024-06-04T16:30:00.000","1","DRIVER","1","1747608",,"DODGE","AVENGER","IL","2014","UNKNOWN","PASSENGER","PERSONAL","W","ENTER FROM DRIVE/ALLEY",,,"2",,,,,,,,,,,,,,,"Y",,,"FRONT-LEFT-CORNER",,,,,,,,,,,,,,,,,,,,,,,,,,,,,,,,,
"1834639","21e1fb9d0b46b4df13a491b8e5d3124ce4ef126c8c2679c651347d3f7e74c376c63ff61a40d60dabb063d783c4a9d1794b28e90cbcd3c24695908f9d8f19441e","2024-06-04T16:30:00.000","2","DRIVER",,"1747614",,"FORD","F150","IN","2022","UNKNOWN","PICKUP","OTHER","N","STRAIGHT AHEAD",,,"1",,,,,"Y",,,,,,,,,,,,,"FRONT-RIGHT-CORNER",,,,,,,,,,,,,,,,,,,,,,,,,,,,,,,,,
"1834875","7982ee9c84258b5b6bb8dd203a10233eb9f560e13ca9d372f7cf79736f1c5de324bd9f469b334b9ab000f0b683bef5807d6f4ff9c0c16751cd22429c6096db26","2024-06-04T16:30:00.000","1","DRIVER",,"1747891",,"HONDA","ACCORD","IL","2008","UNKNOWN","PASSENGER","PERSONAL","N","STRAIGHT AHEAD",,,"1",,,,,"Y",,,,,,,,,,"Y","Y",,"FRONT",,,,,,,,,,,,,,,,,,,,,,,,,,,,,,,,,
"1834876","7982ee9c84258b5b6bb8dd203a10233eb9f560e13ca9d372f7cf79736f1c5de324bd9f469b334b9ab000f0b683bef5807d6f4ff9c0c16751cd22429c6096db26","2024-06-04T16:30:00.000","2","DRIVER",,"1747893",,"TOYOTA","SIENNA",,"2014","NONE","PASSENGER","PERSONAL","N","SLOW/STOP IN TRAFFIC",,,"1",,,,,,,,,"Y","Y","Y","Y",,,,,,"REAR",,,,,,,,,,,,,,,,,,,,,,,,,,,,,,,,,
"1834666","138bc3f8be023ae7b263330bf75d98a9fba6346f83f69a08d683903fdad175b97056be81eb0e91ed100abb460caf98b62ec8145fbe27ccaf3295f941e6485568","2024-06-04T16:20:00.000","1","DRIVER",,"1747636",,"TOYOTA","RAV4","IL","2019","NONE","PASSENGER","OTHER","N","STRAIGHT AHEAD",,,"1",,,,,"Y",,,,,,,,,,"Y","Y",,"FRONT",,,,,,,,,,,,,,,,,,,,,,,,,,,,,,,,,
"1834667","138bc3f8be023ae7b263330bf75d98a9fba6346f83f69a08d683903fdad175b97056be81eb0e91ed100abb460caf98b62ec8145fbe27ccaf3295f941e6485568","2024-06-04T16:20:00.000","2","DRIVER","1","1747643",,"ACURA","TLX","IL","2016","NONE","PASSENGER","PERSONAL","N","STRAIGHT AHEAD",,,"2",,,,,,,,,"Y","Y","Y",,,,,,,"REAR",,,,,,,,,,,,,,,,,,,,,,,,,,,,,,,,,
"1834658","e58dde440f4b33da80064beb25564375918122efd12d88b1d1d9a82adf522f6b6e97c131dfeb8cdf8172fcbf7ea59b26e601c84bf00d6e106593f41cb0738112","2024-06-04T16:20:00.000","1","DRIVER",,"1747634",,"NISSAN","ROGUE","IL","2015","UNKNOWN","SPORT UTILITY VEHICLE (SUV)","PERSONAL","S","CHANGING LANES",,,"1",,,,,"Y",,,,,,,,,,,"Y",,"FRONT",,,,,,,,,,,,,,,,,,,,,,,,,,,,,,,,,
"1834659","e58dde440f4b33da80064beb25564375918122efd12d88b1d1d9a82adf522f6b6e97c131dfeb8cdf8172fcbf7ea59b26e601c84bf00d6e106593f41cb0738112","2024-06-04T16:20:00.000","2","DRIVER",,"1747670",,"TOYOTA","RAV4","IL","2010","UNKNOWN","SPORT UTILITY VEHICLE (SUV)","PERSONAL","S","STRAIGHT AHEAD",,,"1",,,,,,,,,,"Y",,,,,,,,"REAR",,,,,,,,,,,,,,,,,,,,,,,,,,,,,,,,,
"1834685","dc78f2bef79ba90983308f78c4bdfd4cd8ebebb037bc8cc4321b899d44ca60d695bb6d07344ac119e3863fbb40a9b733e56085a2432da7e3ceefe44793dae1da","2024-06-04T16:15:00.000","1","DRIVER",,"1747651",,"DODGE","DAKOTA",,"2002","NONE","PASSENGER","PERSONAL","W","STRAIGHT AHEAD",,,"1",,,,,,,,,,,,,,,,"Y",,"FRONT",,,,,,,,,,,,,,,,,,,,,,,,,,,,,,,,,
"1834686","dc78f2bef79ba90983308f78c4bdfd4cd8ebebb037bc8cc4321b899d44ca60d695bb6d07344ac119e3863fbb40a9b733e56085a2432da7e3ceefe44793dae1da","2024-06-04T16:15:00.000","2","DRIVER",,"1747654",,"CHEVROLET","EQUINOX",,"2012","NONE","PASSENGER","PERSONAL","W","STRAIGHT AHEAD",,,"1",,,,,,,,,,"Y",,,,,,,,"REAR",,,,,,,,,,,,,,,,,,,,,,,,,,,,,,,,,
"1834914","9b4f9f0bd49518d262f9b07f72ba06f3155dc56b4acfa02b8aece141ec1f2ddd01ffc1a4286131ef9a8d9d1142c0ab2fb9f1325b290654b434985b2a4456231f","2024-06-04T16:14:00.000","1","DRIVER",,"1747871",,"ACURA","RLX","IL","2021","NONE","PASSENGER","PERSONAL","SW","TURNING LEFT",,,"1",,,,,"Y","Y",,,,,,,,,,,,"FRONT-RIGHT-CORNER",,,,,,,,,,,,,,,,,,,,,,,,,,,,,,,,,
"1834915","9b4f9f0bd49518d262f9b07f72ba06f3155dc56b4acfa02b8aece141ec1f2ddd01ffc1a4286131ef9a8d9d1142c0ab2fb9f1325b290654b434985b2a4456231f","2024-06-04T16:14:00.000","2","DRIVER",,"1747870",,"FORD","F250","IN","2021","NONE","PICKUP","PERSONAL","SE","TURNING LEFT",,,"1",,,,"Y",,,,,,,,,,,,,,"REAR-LEFT-CORNER",,,,,,,,,,,,,,,,,,,,,,,,,,,,,,,,,
"1834701","1316f6fc922e441e0bc927808d1e569b2a580771706dcdcbf6b3257812f04fc9f611e19adc29ea1c71d4be79a1225e053e28d0bc8c9a55ac8dc875e04fc06c38","2024-06-04T16:12:00.000","1","DRIVER",,"1747657",,"UNKNOWN","OTHER (EXPLAIN IN NARRATIVE)",,,"UNKNOWN","UNKNOWN/NA","UNKNOWN/NA","E","STRAIGHT AHEAD",,,"1",,,,,,,,,,,,,,,,,"Y","UNKNOWN",,,,,,,,,,,,,,,,,,,,,,,,,,,,,,,,,
"1834702","1316f6fc922e441e0bc927808d1e569b2a580771706dcdcbf6b3257812f04fc9f611e19adc29ea1c71d4be79a1225e053e28d0bc8c9a55ac8dc875e04fc06c38","2024-06-04T16:12:00.000","2","DRIVER",,"1747668",,"NISSAN","ALTIMA","IL","2015","UNKNOWN","PASSENGER","PERSONAL","W","TURNING LEFT",,,"1",,,,,,,,,"Y",,,,,,,,,"REAR-RIGHT-CORNER",,,,,,,,,,,,,,,,,,,,,,,,,,,,,,,,,
"1834748","d9944fc251fb8be0a2c049802e7ea2fc7d9445f80d29403db17bd6477588750c639ffc959e949f09af8c0fb07eab6f76429fd899dbcc283d9c5f4f1c1eb4ed47","2024-06-04T16:10:00.000","1","DRIVER",,"1747708",,"HYUNDAI","OTHER (EXPLAIN IN NARRATIVE)","IL","2016","UNKNOWN","SPORT UTILITY VEHICLE (SUV)","PERSONAL","E","STRAIGHT AHEAD",,,"1",,,,,,,,,,,,,,,,,"Y","FRONT",,,,,,,,,,,,,,,,,,,,,,,,,,,,,,,,,
"1834749","d9944fc251fb8be0a2c049802e7ea2fc7d9445f80d29403db17bd6477588750c639ffc959e949f09af8c0fb07eab6f76429fd899dbcc283d9c5f4f1c1eb4ed47","2024-06-04T16:10:00.000","2","DRIVER",,"1747710",,"BUICK","LACROSSE","IL","2010","NONE","PASSENGER","PERSONAL","E","SLOW/STOP IN TRAFFIC",,,"1",,,,,,,,,,"Y",,,,,,,,"REAR",,,,,,,,,,,,,,,,,,,,,,,,,,,,,,,,,
"1834655","47808590163c1e2faca860db56471bd073b501a0a70c21683496b14d497b7d611f3439625c3c3cf8df93eda287ba233bdb9fa892b465380ddeb53d1cbadf3569","2024-06-04T16:09:00.000","1","DRIVER",,"1747622",,"KIA","OTHER (EXPLAIN IN NARRATIVE)",,"2022","UNKNOWN","PASSENGER","PERSONAL","N","BACKING",,,"1",,,,,,,,,,,,,,,,,,"REAR",,,,,,,,,,,,,,,,,,,,,,,,,,,,,,,,,
"1834656","47808590163c1e2faca860db56471bd073b501a0a70c21683496b14d497b7d611f3439625c3c3cf8df93eda287ba233bdb9fa892b465380ddeb53d1cbadf3569","2024-06-04T16:09:00.000","2","DRIVER","1","1747623",,"MERCURY","MOUNTAINEER",,"2016","NONE","PASSENGER","PERSONAL","S","BACKING",,,"2",,,,,,,,,,,,,,,,,,"REAR-RIGHT-CORNER",,,,,,,,,,,,,,,,,,,,,,,,,,,,,,,,,
"1834650","efa98f613c656234560fc3e2380d56285b4e20fbfd9569d9c5c0c9b4f533ca50da6f46782a45929ab42f53ae3e5fd22c067497eb363bd2532aa751d932b08894","2024-06-04T16:09:00.000","1","DRIVER","1","1747620",,"FIAT","OTHER (EXPLAIN IN NARRATIVE)","IL","2012","UNKNOWN","PASSENGER","PERSONAL","W","STRAIGHT AHEAD","Y",,"2",,"PRIVATE",,,"Y",,,,,,,,,,"Y","Y",,"FRONT-LEFT-CORNER",,,,,,,,,,,,,,,,,,,,,,,,,,,,,,,,,
"1834651","efa98f613c656234560fc3e2380d56285b4e20fbfd9569d9c5c0c9b4f533ca50da6f46782a45929ab42f53ae3e5fd22c067497eb363bd2532aa751d932b08894","2024-06-04T16:09:00.000","2","DRIVER",,"1747635",,"CHEVROLET","COLORADO","IN","2007","UNKNOWN","PICKUP","PERSONAL","NE","TURNING LEFT",,,"1",,,,,"Y","Y",,,,,,,,,,"Y",,"FRONT-RIGHT-CORNER",,,,,,,,,,,,,,,,,,,,,,,,,,,,,,,,,
"1834676","478796ea55813b8d6450e53a1affa51147ec18d00afc1eeb8f33327a85bb063f527e850cf422e681b61ca80790675c805c04b1344ab33050ed262689be1ac2b6","2024-06-04T16:02:00.000","1","DRIVER",,"1747674",,"MERCURY","MOUNTAINEER","MI","2025","UNKNOWN","PASSENGER","UNKNOWN/NA","W","STRAIGHT AHEAD",,,"1",,,,,"Y",,,,"Y","Y","Y",,,,"Y","Y","N","REAR",,,,,,,,,,,,,,,,,,,,,,,,,,,,,,,,,
"1834677","478796ea55813b8d6450e53a1affa51147ec18d00afc1eeb8f33327a85bb063f527e850cf422e681b61ca80790675c805c04b1344ab33050ed262689be1ac2b6","2024-06-04T16:02:00.000","2","DRIVER","1","1747684",,"AUDI","A6","IL","2018","UNKNOWN","PASSENGER","PERSONAL","W","STRAIGHT AHEAD",,,"2",,,,,,,,,"Y","Y","Y",,,,,,,"REAR",,,,,,,,,,,,,,,,,,,,,,,,,,,,,,,,,
"1834678","478796ea55813b8d6450e53a1affa51147ec18d00afc1eeb8f33327a85bb063f527e850cf422e681b61ca80790675c805c04b1344ab33050ed262689be1ac2b6","2024-06-04T16:02:00.000","3","DRIVER",,"1747687",,"NISSAN","SENTRA","IL","2019","NONE","PASSENGER","UNKNOWN/NA","W","STRAIGHT AHEAD",,,"1",,,,,"Y",,,,,,,,,,"Y","Y",,"FRONT",,,,,,,,,,,,,,,,,,,,,,,,,,,,,,,,,
"1834681","1d42913c6f510468f2dce1b3e66c236b02135dae708ed9efead4525ce454b803faa06ce68fb39a61a4da83638dbc7c573debaa627e70df1f5da7c9844463548b","2024-06-04T16:00:00.000","1","DRIVER","1","1747647",,"CHEVROLET","TRAIL BLAZER","IL","2005","UNKNOWN","PASSENGER","PERSONAL","S","PASSING/OVERTAKING",,,"2",,,,,"Y",,,,,,,,,,"Y","Y",,"FRONT",,,,,,,,,,,,,,,,,,,,,,,,,,,,,,,,,