"crash_unit_id","crash_record_id","crash_date","unit_no","unit_type","num_passengers","vehicle_id","cmrc_veh_i","make","model","lic_plate_state","vehicle_year","vehicle_defect","vehicle_type","vehicle_use","travel_direction","maneuver","towed_i","fire_i","occupant_cnt","exceed_speed_limit_i","towed_by","towed_to","area_00_i","area_01_i","area_02_i","area_03_i","area_04_i","area_05_i","area_06_i","area_07_i","area_08_i","area_09_i","area_10_i","area_11_i","area_12_i","area_99_i","first_contact_point","cmv_id","usdot_no","ccmc_no","ilcc_no","commercial_src","gvwr","carrier_name","carrier_state","carrier_city","hazmat_placards_i","hazmat_name","un_no","hazmat_present_i","hazmat_report_i","hazmat_report_no","mcs_report_i","mcs_report_no","hazmat_vio_cause_crash_i","mcs_vio_cause_crash_i","idot_permit_no","wide_load_i","trailer1_width","trailer2_width","trailer1_length","trailer2_length","total_vehicle_length","axle_cnt","vehicle_config","cargo_body_type","load_type","hazmat_out_of_service_i","mcs_out_of_service_i","hazmat_class"
"1834682","1d42913c6f510468f2dce1b3e66c236b02135dae708ed9efead4525ce454b803faa06ce68fb39a61a4da83638dbc7c573debaa627e70df1f5da7c9844463548b","2024-06-04T16:00:00.000","2","DRIVER","1","1747656",,"TOYOTA","CAMRY","IL","2025","OTHER","PASSENGER","PERSONAL","W","STRAIGHT AHEAD","Y",,"2",,,,,"Y","Y","Y","Y","Y",,,,,,,,,"SIDE-RIGHT",,,,,,,,,,,,,,,,,,,,,,,,,,,,,,,,,
"1834640","77ae2a27be212c955a3d59372b6f2f74c76939374e424cb6d0ea3d14fcea45415fff3d6b5f7249d62a9790e0659751ccabb207dd96cdf560e0ef062a7b82ed53","2024-06-04T16:00:00.000","1","DRIVER",,"1747632",,"DODGE","OTHER (EXPLAIN IN NARRATIVE)","IL","2021","NONE","PICKUP","COMMERCIAL - MULTI-UNIT","E","STRAIGHT AHEAD",,,"1",,,,,,,,,,"Y",,,,,,,,"REAR",,,,,,,,,,,,,,,,,,,,,,,,,,,,,,,,,
"1834641","77ae2a27be212c955a3d59372b6f2f74c76939374e424cb6d0ea3d14fcea45415fff3d6b5f7249d62a9790e0659751ccabb207dd96cdf560e0ef062a7b82ed53","2024-06-04T16:00:00.000","2","DRIVER",,"1747626",,"NISSAN","OTHER (EXPLAIN IN NARRATIVE)","IL","2011","NONE","PASSENGER","PERSONAL","E","STRAIGHT AHEAD",,,"1",,,,,"Y","Y","Y","Y",,,,,,,,,,"SIDE-RIGHT",,,,,,,,,,,,,,,,,,,,,,,,,,,,,,,,,
"1834699","9fc0688291341f7919a89bb4dadf05c6c99a01db9c850fc701ddca79b916e4ab0a038972e32b5234bf1fa0a2da558f2d7c9e7668a52e71da31659f1cd3a1b8fc","2024-06-04T16:00:00.000","2","DRIVER",,"1747663",,"NISSAN","OTHER (EXPLAIN IN NARRATIVE)",,"2014","UNKNOWN","PASSENGER","PERSONAL","S","STRAIGHT AHEAD",,,"1",,,,,,,,,,,,,,,,,,"SIDE-LEFT",,,,,,,,,,,,,,,,,,,,,,,,,,,,,,,,,
"1834700","9fc0688291341f7919a89bb4dadf05c6c99a01db9c850fc701ddca79b916e4ab0a038972e32b5234bf1fa0a2da558f2d7c9e7668a52e71da31659f1cd3a1b8fc","2024-06-04T16:00:00.000","1","DRIVER",,"1747686",,"JEEP","JEEP",,"2020","UNKNOWN","SPORT UTILITY VEHICLE (SUV)","PERSONAL","S","STRAIGHT AHEAD",,,"1",,,,,,,,,,,,,,,,,"Y","UNKNOWN",,,,,,,,,,,,,,,,,,,,,,,,,,,,,,,,,
"1834817","dc1dc81071662575deceb7b4e488a00c50075f1f8b261110432643726c0fd1ac16e4bd0adaff2e5d986b087862a757c6f087ac898c533c2f7f3a1fd08235d9f3","2024-06-04T16:00:00.000","1","DRIVER",,"1747824",,"TOYOTA","4RUNNER","IL","2008","UNKNOWN","SPORT UTILITY VEHICLE (SUV)","PERSONAL","E","STRAIGHT AHEAD",,,"1",,,,,,,,,,,,,,,,,,"NONE",,,,,,,,,,,,,,,,,,,,,,,,,,,,,,,,,
"1834818","dc1dc81071662575deceb7b4e488a00c50075f1f8b261110432643726c0fd1ac16e4bd0adaff2e5d986b087862a757c6f087ac898c533c2f7f3a1fd08235d9f3","2024-06-04T16:00:00.000","2","PARKED",,"1747837",,"AUDI","Q7","IL","2015","UNKNOWN","SPORT UTILITY VEHICLE (SUV)","NOT IN USE","E","PARKED","Y",,"0",,"private","unk",,,,,,,,,,,,,,,"FRONT",,,,,,,,,,,,,,,,,,,,,,,,,,,,,,,,,
"1834630","fb5e5941ce6824339ad6b6461b0e7073487a9dd05e9f805a40b8e56b6e43f449d9da9d4ff5063126eadabd14de4a7dfd1085b76e97c66424330cffebb821e808","2024-06-04T16:00:00.000","1","DRIVER",,"1747640",,"AUDI","E-TRON","IL","2023","UNKNOWN","PASSENGER","PERSONAL","N","STRAIGHT AHEAD",,,"1",,,,,"Y",,,,,,,,,,"Y","Y",,"FRONT",,,,,,,,,,,,,,,,,,,,,,,,,,,,,,,,,
"1834631","fb5e5941ce6824339ad6b6461b0e7073487a9dd05e9f805a40b8e56b6e43f449d9da9d4ff5063126eadabd14de4a7dfd1085b76e97c66424330cffebb821e808","2024-06-04T16:00:00.000","2","DRIVER",,"1747648",,"FORD","BRONCO / BRONCO II","MI","2021","UNKNOWN","PASSENGER","PERSONAL","N","SLOW/STOP IN TRAFFIC",,,"1",,,,,,,,,"Y","Y","Y",,,,,,,"REAR",,,,,,,,,,,,,,,,,,,,,,,,,,,,,,,,,
"1834822","d48c7a2d8cbccda1ae17aef1ee549d8917b69b24da4b558991fd154709b72393b31d6ccb4f43b6b04a8afb9121119dad335b9933a2398885d829facbf7938ed3","2024-06-04T15:53:00.000","1","DRIVER",,"1747774",,"KIA","OPTIMA / K5","IL","2011","UNKNOWN","PASSENGER","UNKNOWN/NA","UNKNOWN","UNKNOWN/NA",,,"1",,,,,"N",,,,,,,,,,"N","N","Y","FRONT",,,,,,,,,,,,,,,,,,,,,,,,,,,,,,,,,
"1834648","89ab834bf234c8ea12e5655213a3be4e8a25147f98ac3b3ec0bb4fa4f92332c8820fa45c20689ba8d5bd475da2cf32fbd64b226bfca6f89563c2adbe9a17a760","2024-06-04T15:52:00.000","1","DRIVER",,"1747615","Y","GREAT DANE TRAILERS INC.","OTHER (EXPLAIN IN NARRATIVE)",,"2000","NONE","SINGLE UNIT TRUCK WITH TRAILER","OTHER","S","CHANGING LANES",,,"1",,,,"Y",,"N","N",,,,,,,,,,,"SIDE-RIGHT","19385",,,,,,"JCV TRANSPORTATION","IL","CHICAGO",,,,"U","U",,"U",,"U","U",,,,,,,,,,,,"N","N",
"1834649","89ab834bf234c8ea12e5655213a3be4e8a25147f98ac3b3ec0bb4fa4f92332c8820fa45c20689ba8d5bd475da2cf32fbd64b226bfca6f89563c2adbe9a17a760","2024-06-04T15:52:00.000","2","DRIVER","1","1747625",,"FORD","EXPLORER","IL","2017","NONE","SPORT UTILITY VEHICLE (SUV)","POLICE","S","SLOW/STOP IN TRAFFIC",,,"2",,,,,,,,,,,"Y","Y",,,,,,"SIDE-LEFT-REAR",,,,,,,,,,,,,,,,,,,,,,,,,,,,,,,,,
"1834764","285d9d82d42bcd117bb44d73e474de2832cc3fa340982c815d3e2be290420f4777fdd43f00eb5b564cd02ea98966d85e91a470f8aaad882d1b98709dd6f92fc4","2024-06-04T15:45:00.000","1","DRIVER",,"1747727",,"TOYOTA","COROLLA","IL","2005","NONE","PASSENGER","PERSONAL","W","SLOW/STOP IN TRAFFIC",,,"1",,,,,"Y",,,,,,,,,,,,,"FRONT-RIGHT-CORNER",,,,,,,,,,,,,,,,,,,,,,,,,,,,,,,,,
"1834765","285d9d82d42bcd117bb44d73e474de2832cc3fa340982c815d3e2be290420f4777fdd43f00eb5b564cd02ea98966d85e91a470f8aaad882d1b98709dd6f92fc4","2024-06-04T15:45:00.000","2","DRIVER",,"1747732",,"PORSCHE","911","IL","2006","NONE","PASSENGER","PERSONAL","S","STRAIGHT AHEAD",,,"1",,,,,,,,,,,,,,,"Y",,,"FRONT-LEFT-CORNER",,,,,,,,,,,,,,,,,,,,,,,,,,,,,,,,,
"1834614","8a5a915953e4bf5f26c73746623b9c63e2cd7cfff5589e964a928272d847f4d1a6e839a81b377ff998d5615a528bfbc9d7c284bf87d28956cfc6a19cb306691b","2024-06-04T15:38:00.000","1","DRIVER","2","1747584",,"SAAB","9-3","IL","2006","UNKNOWN","PASSENGER","PERSONAL","S","PASSING/OVERTAKING",,,"3",,,,,,,,,,,,,,"Y","Y","Y",,"FRONT-LEFT-CORNER",,,,,,,,,,,,,,,,,,,,,,,,,,,,,,,,,
"1834615","8a5a915953e4bf5f26c73746623b9c63e2cd7cfff5589e964a928272d847f4d1a6e839a81b377ff998d5615a528bfbc9d7c284bf87d28956cfc6a19cb306691b","2024-06-04T15:38:00.000","2","DRIVER",,"1747591",,"BMW","328IS","IL","2015","UNKNOWN","PASSENGER","PERSONAL","S","STRAIGHT AHEAD",,,"1",,,,,,,"Y","Y","Y","Y",,,,,,,,"REAR-RIGHT-CORNER",,,,,,,,,,,,,,,,,,,,,,,,,,,,,,,,,
"1834628","ab715fc21cb67602646b06abe41a070b1b4997f69d42c4e5b1945ff8c3894352149edde7387457b715953d1ff854315641b47d297d060b67ebb91e01aac683a0","2024-06-04T15:33:00.000","1","DRIVER",,"1747600",,"SUBARU","CROSSTREK","IL","2024","UNKNOWN","PASSENGER","PERSONAL","W","TURNING LEFT","Y",,"1",,,,,"Y",,,,,,,,,,,"Y",,"FRONT-RIGHT-CORNER",,,,,,,,,,,,,,,,,,,,,,,,,,,,,,,,,
"1834629","ab715fc21cb67602646b06abe41a070b1b4997f69d42c4e5b1945ff8c3894352149edde7387457b715953d1ff854315641b47d297d060b67ebb91e01aac683a0","2024-06-04T15:33:00.000","2","DRIVER",,"1747610",,"BMW","OTHER (EXPLAIN IN NARRATIVE)","IL","2015","UNKNOWN","PASSENGER","PERSONAL","E","STRAIGHT AHEAD",,,"1",,,,,"Y",,,,,,,,,,"Y","Y",,"FRONT",,,,,,,,,,,,,,,,,,,,,,,,,,,,,,,,,
"1834714","20a28606c5cfecf646c7060e888362bc318aed431309b66ca968f3ef2d005d15208a1710693487ca35748c0fe549fbb8fb493f918ff648b8ce9b84ca2b4b4c09","2024-06-04T15:30:00.000","1","DRIVER",,"1747677",,"TOYOTA","RAV4","IL","2011","NONE","SPORT UTILITY VEHICLE (SUV)","PERSONAL","E","CHANGING LANES",,,"1",,,,,"Y","Y",,,,,,,,,,"Y",,"FRONT-RIGHT-CORNER",,,,,,,,,,,,,,,,,,,,,,,,,,,,,,,,,
"1834715","20a28606c5cfecf646c7060e888362bc318aed431309b66ca968f3ef2d005d15208a1710693487ca35748c0fe549fbb8fb493f918ff648b8ce9b84ca2b4b4c09","2024-06-04T15:30:00.000","2","DRIVER",,"1747685",,"HYUNDAI","SANTA FE","IL","2024","NONE","SPORT UTILITY VEHICLE (SUV)","OTHER","E","SLOW/STOP IN TRAFFIC",,,"1",,,,,,,,,,"Y","Y","Y",,,,,,"REAR-LEFT-CORNER",,,,,,,,,,,,,,,,,,,,,,,,,,,,,,,,,
"1834596","57726272091c029b0ee1024045f92ea60840a1170bc5a752ba128ef686b0b541fdb29d7b580fdea31d5fa21dfbf0f70d1f53adeefefa81f8c5180f882700e67a","2024-06-04T15:30:00.000","1","DRIVER",,"1747572",,"HONDA","OTHER (EXPLAIN IN NARRATIVE)","IL","2008","UNKNOWN","PASSENGER","PERSONAL","E","STRAIGHT AHEAD",,,"1",,,,,"Y",,,,,,,,,,,"Y",,"FRONT",,,,,,,,,,,,,,,,,,,,,,,,,,,,,,,,,
"1834597","57726272091c029b0ee1024045f92ea60840a1170bc5a752ba128ef686b0b541fdb29d7b580fdea31d5fa21dfbf0f70d1f53adeefefa81f8c5180f882700e67a","2024-06-04T15:30:00.000","2","DRIVER",,"1747588",,"TOYOTA","OTHER (EXPLAIN IN NARRATIVE)","IL","2012","UNKNOWN","PASSENGER","PERSONAL","E","STRAIGHT AHEAD",,,"1",,,,,,,,,,,"Y",,,,,,,"REAR-LEFT-CORNER",,,,,,,,,,,,,,,,,,,,,,,,,,,,,,,,,
"1834664","5d30d53f3d78172b652b31fb53d999793c85512f25da75068eb24f6546cd18997a6bd21a4bf09af469b3df30757e6c603b4758eccddc5871eb7e1bd3cf0d1cdb","2024-06-04T15:30:00.000","1","DRIVER",,"1747633",,"CHEVROLET","EXPRESS","IL","2010","NONE","VAN/MINI-VAN","PERSONAL","S","ENTERING TRAFFIC LANE FROM PARKING",,,"1",,,,,"Y",,,,,,,,,,"N",,,"FRONT-RIGHT-CORNER",,,,,,,,,,,,,,,,,,,,,,,,,,,,,,,,,
"1834665","5d30d53f3d78172b652b31fb53d999793c85512f25da75068eb24f6546cd18997a6bd21a4bf09af469b3df30757e6c603b4758eccddc5871eb7e1bd3cf0d1cdb","2024-06-04T15:30:00.000","2","DRIVER","1","1747642",,"KIA","CARNIVAL","IL","2024","NONE","VAN/MINI-VAN","OTHER","S","STRAIGHT AHEAD",,,"2",,,,,,,,,,,,"Y","Y",,,,,"SIDE-LEFT",,,,,,,,,,,,,,,,,,,,,,,,,,,,,,,,,
"1834594","7761e59ba764af8ba3c2694eb3f5cfd8998baaf89c1c690ef6a6de6c85bf34d3e4448a82ac120a437faddc00cf76d5b1422b395a6f0d3798cce6858b640694ab","2024-06-04T15:30:00.000","1","DRIVER",,"1747581",,"CADILLAC","DTS","IL","2010","NONE","PASSENGER","PERSONAL","S","STRAIGHT AHEAD",,,"1",,,,,"Y",,,,,,,,,,"Y","Y",,"FRONT",,,,,,,,,,,,,,,,,,,,,,,,,,,,,,,,,
"1834595","7761e59ba764af8ba3c2694eb3f5cfd8998baaf89c1c690ef6a6de6c85bf34d3e4448a82ac120a437faddc00cf76d5b1422b395a6f0d3798cce6858b640694ab","2024-06-04T15:30:00.000","2","DRIVER",,"1747569",,"TOYOTA","CAMRY","IA","2024","NONE","PASSENGER","PERSONAL","S","STRAIGHT AHEAD",,,"1",,,,,,,,,"Y","Y","Y",,,,,,,"REAR",,,,,,,,,,,,,,,,,,,,,,,,,,,,,,,,,
"1835607","7c2e7f6b124b843518c5e20aee49ed83cef1e9c4407ec668b6a125bdfb6fa70eed532db29bd82f7ab331b4721e0dd45f4d5388140117a0e23821c85a5bc32b0f","2024-06-04T15:30:00.000","1","DRIVER","2","1748529",,"CHEVROLET","OTHER (EXPLAIN IN NARRATIVE)","IL","2013","NONE","PASSENGER","PERSONAL","W","CHANGING LANES",,,"3",,,,,"Y",,,,,,,,,,,,,"FRONT-RIGHT-CORNER",,,,,,,,,,,,,,,,,,,,,,,,,,,,,,,,,
"1835608","7c2e7f6b124b843518c5e20aee49ed83cef1e9c4407ec668b6a125bdfb6fa70eed532db29bd82f7ab331b4721e0dd45f4d5388140117a0e23821c85a5bc32b0f","2024-06-04T15:30:00.000","2","DRIVER",,"1748530",,"JEEP","GRAND CHEROKEE","IL","2023","NONE","SPORT UTILITY VEHICLE (SUV)","PERSONAL","SW","STRAIGHT AHEAD",,,"1",,,,,,,,,,,,"Y","Y","Y",,,,"SIDE-LEFT",,,,,,,,,,,,,,,,,,,,,,,,,,,,,,,,,
"1834616","0ec7a2fcafb94483ee7ab47b70729131f7bb7546c77d3b23836ea5acee924885b9e387c55f786eb336c585b3163c01903ec3c1a4988dcb58c0542aa146db1d50","2024-06-04T15:27:00.000","1","DRIVER",,"1747586",,"HONDA","CIVIC","IL","2022","UNKNOWN","PASSENGER","PERSONAL","W","TURNING LEFT",,,"1",,,,,"Y","Y","Y",,,,,,,,,"Y",,"SIDE-RIGHT-FRONT",,,,,,,,,,,,,,,,,,,,,,,,,,,,,,,,,
"1834617","0ec7a2fcafb94483ee7ab47b70729131f7bb7546c77d3b23836ea5acee924885b9e387c55f786eb336c585b3163c01903ec3c1a4988dcb58c0542aa146db1d50","2024-06-04T15:27:00.000","2","DRIVER","1","1747594",,"NISSAN","OTHER (EXPLAIN IN NARRATIVE)","IL","2001","UNKNOWN","PASSENGER","PERSONAL","S","STRAIGHT AHEAD",,,"2",,,,,"Y",,,,,,,,,,"Y","Y",,"FRONT",,,,,,,,,,,,,,,,,,,,,,,,,,,,,,,,,
"1834612","da610cf2ca22a00bbe9aaeaf031cf591383fb648bc6f51bb19c5ef4b03ed0e1ff5b244513a9bd64391e0d507db2ab64b6fe3889197613ed4c522f7f0e1a0337f","2024-06-04T15:25:00.000","1","DRIVER",,"1747570",,"UNKNOWN","OTHER (EXPLAIN IN NARRATIVE)","IL",,"UNKNOWN","UNKNOWN/NA","UNKNOWN/NA","N","STRAIGHT AHEAD",,,"1",,,,,,,,,,,,,,,,"N","Y","FRONT",,,,,,,,,,,,,,,,,,,,,,,,,,,,,,,,,
"1834613","da610cf2ca22a00bbe9aaeaf031cf591383fb648bc6f51bb19c5ef4b03ed0e1ff5b244513a9bd64391e0d507db2ab64b6fe3889197613ed4c522f7f0e1a0337f","2024-06-04T15:25:00.000","2","DRIVER",,"1747576",,"TOYOTA","TUNDRA",,"2022","NONE","PASSENGER","PERSONAL","N","STRAIGHT AHEAD",,,"1",,,,,,,,,,"Y",,,,,,,,"REAR",,,,,,,,,,,,,,,,,,,,,,,,,,,,,,,,,
"1834618","fc1aecb93bacfb2224c47ace03a729bceaa49101a4c104ad8ee921d87f2a88c95c0868fd3b0c8fa75525df466406ce935afa5c1452d3f8222a9ed4710061e6f8","2024-06-04T15:20:00.000","1","DRIVER",,"1747599",,"UNKNOWN","OTHER (EXPLAIN IN NARRATIVE)","IL",,"UNKNOWN","UNKNOWN/NA","UNKNOWN/NA","S","UNKNOWN/NA",,,"1",,,,,"Y",,,,,,,,,,,,"Y","UNKNOWN",,,,,,,,,,,,,,,,,,,,,,,,,,,,,,,,,
"1834619","fc1aecb93bacfb2224c47ace03a729bceaa49101a4c104ad8ee921d87f2a88c95c0868fd3b0c8fa75525df466406ce935afa5c1452d3f8222a9ed4710061e6f8","2024-06-04T15:20:00.000","2","DRIVER",,"1747596",,"VOLKSWAGEN","CC","IL","2022","UNKNOWN","PASSENGER","PERSONAL","N","MERGING",,,"1",,,,,,,"Y","Y","Y",,,,,,,,"Y","SIDE-RIGHT-REAR",,,,,,,,,,,,,,,,,,,,,,,,,,,,,,,,,
"1834646","1e057dc87f5f9f6824e0191637a57f636724bbd031bd4f29382d689ab9934e4cac27647341390800e7d59226b8f44d5e76256d7f59a39ec685cc5cd735da9a23","2024-06-04T15:19:00.000","1","DRIVER","1","1747613",,"HONDA","ODYSSEY","IL","2021","NONE","SPORT UTILITY VEHICLE (SUV)","PERSONAL","S","STRAIGHT AHEAD",,,"2",,,,,,,,,,,,,,,,"Y",,"FRONT",,,,,,,,,,,,,,,,,,,,,,,,,,,,,,,,,
"1834647","1e057dc87f5f9f6824e0191637a57f636724bbd031bd4f29382d689ab9934e4cac27647341390800e7d59226b8f44d5e76256d7f59a39ec685cc5cd735da9a23","2024-06-04T15:19:00.000","2","PEDESTRIAN",,,,,,,,,,,,,,,,,,,,,,,,,,,,,,,,,,,,,,,,,,,,,,,,,,,,,,,,,,,,,,,,,,
"1834689","a5de0838e3f3b0e2a3c00da2f25ad7bc125e92b1a0059320ecebdd760180c4ba2dd2d56a9222e8333b99071ac9b412a6214639ef906867319ec716ebb6cd07cc","2024-06-04T15:17:00.000","1","DRIVER","1","1747652",,"CHEVROLET","BOLT","IL","2023","UNKNOWN","PASSENGER","OTHER","S","OTHER",,,"2",,,,,,,"Y","Y",,,,,,,,,,"SIDE-RIGHT",,,,,,,,,,,,,,,,,,,,,,,,,,,,,,,,,
"1834690","a5de0838e3f3b0e2a3c00da2f25ad7bc125e92b1a0059320ecebdd760180c4ba2dd2d56a9222e8333b99071ac9b412a6214639ef906867319ec716ebb6cd07cc","2024-06-04T15:17:00.000","2","DRIVER",,"1747661",,"ACURA","RLX","IL","2009","NONE","SPORT UTILITY VEHICLE (SUV)","PERSONAL","S","STRAIGHT AHEAD",,,"1",,,,,,,,,,,"Y","Y","Y","Y","Y",,,"SIDE-LEFT",,,,,,,,,,,,,,,,,,,,,,,,,,,,,,,,,
"1834662","5a679351f10defe59869fc34773c21371b03b42751248212b65429eab1ec96a2062c082673276bd7d9f712cc8d5989bede4def39fe2f26eb63cb10593dc4f42d","2024-06-04T15:15:00.000","1","DRIVER",,"1747627",,"TOYOTA","RAV4","IL","2011","UNKNOWN","SPORT UTILITY VEHICLE (SUV)","PERSONAL","W","BACKING",,,"1",,,,"Y",,,,,,,,,,,,,,"REAR",,,,,,,,,,,,,,,,,,,,,,,,,,,,,,,,,
"1834663","5a679351f10defe59869fc34773c21371b03b42751248212b65429eab1ec96a2062c082673276bd7d9f712cc8d5989bede4def39fe2f26eb63cb10593dc4f42d","2024-06-04T15:15:00.000","2","DRIVER",,"1747682",,"ACURA","RLX","IL","2023","NONE","SPORT UTILITY VEHICLE (SUV)","PERSONAL","N","OTHER",,,"1",,,,,,,,,,,"Y","Y",,,,,,"SIDE-LEFT-REAR",,,,,,,,,,,,,,,,,,,,,,,,,,,,,,,,,
"1834636","82d96af14562890cf71186b422ad3a3b6f8dbf20aa0f24fa26535b36211533fcb7938d1d5fa41c47092a98155a740fc265adedea0465f5b35b48671dbe10fd4d","2024-06-04T15:15:00.000","1","DRIVER",,"1747603",,"CHEVROLET","OTHER (EXPLAIN IN NARRATIVE)","IL","2005","NONE","PASSENGER","PERSONAL","N","TURNING RIGHT",,,"1",,,,,,,,,,,,,,,,"Y",,"FRONT",,,,,,,,,,,,,,,,,,,,,,,,,,,,,,,,,
"1834637","82d96af14562890cf71186b422ad3a3b6f8dbf20aa0f24fa26535b36211533fcb7938d1d5fa41c47092a98155a740fc265adedea0465f5b35b48671dbe10fd4d","2024-06-04T15:15:00.000","2","DRIVER",,"1747607",,"CHRYSLER","300","IL","2005","NONE","PASSENGER","PERSONAL","N","TURNING RIGHT",,,"1",,,,,,,,,,"Y",,,,,,,,"REAR",,,,,,,,,,,,,,,,,,,,,,,,,,,,,,,,,
"1834722","cf6db16acec5edfcd92afbed9d9a035d14454f8f32bcb8697cd27322f128b97a72aa51fed3c070500e19d799843a85ce76518f4095150843aedc1d570b418a84","2024-06-04T15:15:00.000","1","DRIVER",,"1747693","N","FORD","E-TRANSIT","IL","2009","NONE","OTHER","OTHER","N","PASSING/OVERTAKING",,,"1",,,,"Y",,,,,,,,,,,,,"Y","SIDE-RIGHT",,,,,,,,,,,,,,,,,,,,,,,,,,,,,,,,,
"1834723","cf6db16acec5edfcd92afbed9d9a035d14454f8f32bcb8697cd27322f128b97a72aa51fed3c070500e19d799843a85ce76518f4095150843aedc1d570b418a84","2024-06-04T15:15:00.000","2","DRIVER",,"1747699",,"FORD","TRANSIT","IL","2016","UNKNOWN","VAN/MINI-VAN","OTHER","N","OTHER",,,"1",,,,,,,,,,,"Y","Y","Y","Y","Y",,,"SIDE-LEFT",,,,,,,,,,,,,,,,,,,,,,,,,,,,,,,,,
"1834578","b544f832678e4541b76225a2584add0eb151510e2cac5c39d73778fced2dcb34d197b721d9bbcb948dd1458d03b7c3155589db1b2be1078476046601cf4296ba","2024-06-04T15:00:00.000","1","DRIVER",,"1747560",,"UNKNOWN","OTHER (EXPLAIN IN NARRATIVE)","IL",,"NONE","BUS OVER 15 PASS.","SCHOOL BUS","NE","STRAIGHT AHEAD",,,"1",,,,,,,,,,,,,,,,"Y",,"FRONT",,,,,,,,,,,,,,,,,,,,,,,,,,,,,,,,,
"1834579","b544f832678e4541b76225a2584add0eb151510e2cac5c39d73778fced2dcb34d197b721d9bbcb948dd1458d03b7c3155589db1b2be1078476046601cf4296ba","2024-06-04T15:00:00.000","2","DRIVER",,"1747550",,"FORD","FUSION","IL","2015","NONE","PASSENGER","OTHER","E","SLOW/STOP IN TRAFFIC",,,"1",,,,,,,,,,"Y",,,,,,,,"REAR",,,,,,,,,,,,,,,,,,,,,,,,,,,,,,,,,
"1835159","c7165523b1dc5cf37d71aaff6d4ce0c7cc795cbcdc04e0e7d76e7137a3635b9995aa11cc9116a25e70fe5ddd5f978e01861b90a18488b0507de5ab43677436f5","2024-06-04T15:00:00.000","1","DRIVER",,"1748108",,"MERCEDES-BENZ","GLC","IL","2021","NONE","PASSENGER","PERSONAL","E","STRAIGHT AHEAD",,,"1",,,,,,,,,,,,,,,,,"Y","UNKNOWN",,,,,,,,,,,,,,,,,,,,,,,,,,,,,,,,,
"1835176","c7165523b1dc5cf37d71aaff6d4ce0c7cc795cbcdc04e0e7d76e7137a3635b9995aa11cc9116a25e70fe5ddd5f978e01861b90a18488b0507de5ab43677436f5","2024-06-04T15:00:00.000","2","DRIVER",,"1748119",,"TOYOTA","OTHER (EXPLAIN IN NARRATIVE)","IL","2021","UNKNOWN","PASSENGER","PERSONAL","S","STRAIGHT AHEAD",,,"1",,,,,,,,,,,,,,,,,"Y","UNKNOWN",,,,,,,,,,,,,,,,,,,,,,,,,,,,,,,,,
"1835160","da08d1399e21b00e79948019709ccbf01f83a1bf841636331917518d3847b4faba490c0e4e75b2c6a27b5d6a28b018b4e40b61e688ee0cd4afb84c0b91587ff9","2024-06-04T15:00:00.000","1","DRIVER",,"1748109",,"UNKNOWN","MOTORIZED",,,"UNKNOWN","VAN/MINI-VAN","UNKNOWN/NA","N","STRAIGHT AHEAD",,,"1",,,,,,,,,,,,,,,,"Y",,"FRONT",,,,,,,,,,,,,,,,,,,,,,,,,,,,,,,,,
"1835161","da08d1399e21b00e79948019709ccbf01f83a1bf841636331917518d3847b4faba490c0e4e75b2c6a27b5d6a28b018b4e40b61e688ee0cd4afb84c0b91587ff9","2024-06-04T15:00:00.000","2","DRIVER",,"1748115",,"FORD","FUSION","IL","2019","NONE","PASSENGER","PERSONAL","E","STRAIGHT AHEAD",,,"1",,,,,"Y",,,,,,,,,,,,,"FRONT-RIGHT-CORNER",,,,,,,,,,,,,,,,,,,,,,,,,,,,,,,,,
"1834752","f921059f01dc66364b6b565994ade12cccbe325791063996247a5a069c909cbfc4d017344159c7279fe6150555ecca0b557d1d8f129335116d63e6caef34f7cd","2024-06-04T15:00:00.000","1","DRIVER",,"1747713",,"UNKNOWN","OTHER (EXPLAIN IN NARRATIVE)","IL",,"NONE","PASSENGER","PERSONAL","S","STRAIGHT AHEAD",,,"1",,,,,,,,,,,,,,,,,"Y","UNKNOWN",,,,,,,,,,,,,,,,,,,,,,,,,,,,,,,,,
"1834753","f921059f01dc66364b6b565994ade12cccbe325791063996247a5a069c909cbfc4d017344159c7279fe6150555ecca0b557d1d8f129335116d63e6caef34f7cd","2024-06-04T15:00:00.000","2","DRIVER",,"1747714",,"HYUNDAI","TUCSON","IL","2023","NONE","OTHER VEHICLE WITH TRAILER","PERSONAL","S","SLOW/STOP IN TRAFFIC",,,"1",,,,,,,,,,"Y",,,,,,,,"REAR",,,,,,,,,,,,,,,,,,,,,,,,,,,,,,,,,