"crash_unit_id","crash_record_id","crash_date","unit_no","unit_type","num_passengers","vehicle_id","cmrc_veh_i","make","model","lic_plate_state","vehicle_year","vehicle_defect","vehicle_type","vehicle_use","travel_direction","maneuver","towed_i","fire_i","occupant_cnt","exceed_speed_limit_i","towed_by","towed_to","area_00_i","area_01_i","area_02_i","area_03_i","area_04_i","area_05_i","area_06_i","area_07_i","area_08_i","area_09_i","area_10_i","area_11_i","area_12_i","area_99_i","first_contact_point","cmv_id","usdot_no","ccmc_no","ilcc_no","commercial_src","gvwr","carrier_name","carrier_state","carrier_city","hazmat_placards_i","hazmat_name","un_no","hazmat_present_i","hazmat_report_i","hazmat_report_no","mcs_report_i","mcs_report_no","hazmat_vio_cause_crash_i","mcs_vio_cause_crash_i","idot_permit_no","wide_load_i","trailer1_width","trailer2_width","trailer1_length","trailer2_length","total_vehicle_length","axle_cnt","vehicle_config","cargo_body_type","load_type","hazmat_out_of_service_i","mcs_out_of_service_i","hazmat_class"
"1834742","fdb2158b9b980d8038068017234d0cbd203f8d089d9b9bc3b5d6e1c2007968b5b924bc5274c25d1e78840d832be1cd1fb915f5bd97852c940f3b0129c2037912","2024-06-04T15:00:00.000","1","DRIVER",,"1747711",,"JEEP","CHEROKEE","IL","1995","UNKNOWN","PASSENGER","PERSONAL","UNKNOWN","STRAIGHT AHEAD",,,"1",,,,,,,,,,,,,,,"Y",,,"FRONT",,,,,,,,,,,,,,,,,,,,,,,,,,,,,,,,,
"1834743","fdb2158b9b980d8038068017234d0cbd203f8d089d9b9bc3b5d6e1c2007968b5b924bc5274c25d1e78840d832be1cd1fb915f5bd97852c940f3b0129c2037912","2024-06-04T15:00:00.000","2","DRIVER",,"1747712",,"CHEVROLET","CHEVELLE","IL","1970","UNKNOWN","PASSENGER","PERSONAL","NW","STRAIGHT AHEAD",,,"1",,,,,,,,,,,,,,,"Y","Y",,"SIDE-LEFT-FRONT",,,,,,,,,,,,,,,,,,,,,,,,,,,,,,,,,
"1834732","44f316d79af4db77a498f3ff36e6392b4028c42c4038d38ec08c4e64c8fd68217251bcca5efe3588694a4b68238994acdcf07c4a4dadfb6e92e4671d69b20349","2024-06-04T14:55:00.000","1","DRIVER",,"1747743",,"UNKNOWN","OTHER (EXPLAIN IN NARRATIVE)",,,"UNKNOWN","OTHER","PERSONAL","S","STRAIGHT AHEAD",,,"1",,,,,,,,,,,,,,,,"Y",,"FRONT",,,,,,,,,,,,,,,,,,,,,,,,,,,,,,,,,
"1834733","44f316d79af4db77a498f3ff36e6392b4028c42c4038d38ec08c4e64c8fd68217251bcca5efe3588694a4b68238994acdcf07c4a4dadfb6e92e4671d69b20349","2024-06-04T14:55:00.000","2","BICYCLE",,,,,,,,,,,,,,,,,,,,,,,,,,,,,,,,,,,,,,,,,,,,,,,,,,,,,,,,,,,,,,,,,,
"1834695","d52055c8aacc6f831ff2864a2f783cb1e6a10e59e54efc4c06256fb71b69932184d5679d8f3bf30f231719ef9e5715fd11bc14977058df6c4546c5bf605f16fc","2024-06-04T14:55:00.000","1","DRIVER",,"1747662",,"VOLKSWAGEN","PASSAT","IL","2019","UNKNOWN","PASSENGER","PERSONAL","N","CHANGING LANES",,,"1",,,,,,,,,,,,,,,"N","Y",,"FRONT",,,,,,,,,,,,,,,,,,,,,,,,,,,,,,,,,
"1834696","d52055c8aacc6f831ff2864a2f783cb1e6a10e59e54efc4c06256fb71b69932184d5679d8f3bf30f231719ef9e5715fd11bc14977058df6c4546c5bf605f16fc","2024-06-04T14:55:00.000","2","DRIVER",,"1747672",,"CHEVROLET","TAHOE","IL","2005","UNKNOWN","PASSENGER","PERSONAL","N","STRAIGHT AHEAD",,,"1",,,,,"Y",,,,,,,,,,,,,"FRONT-RIGHT-CORNER",,,,,,,,,,,,,,,,,,,,,,,,,,,,,,,,,
"1834754","6f9c988a5462ba48b14a2782d40766190c6a05f595ab800c6b16440ffb3c299e50d22d81bf1188e74addce93001a78b8b041add507ebcb7367851e5cfbecb17d","2024-06-04T14:50:00.000","1","DRIVER",,"1747718",,"FORD","FESTIVA","IL","2011","NONE","PASSENGER","PERSONAL","N","STRAIGHT AHEAD",,,"1",,,,,,,,,,,,,,,"Y",,,"FRONT-LEFT-CORNER",,,,,,,,,,,,,,,,,,,,,,,,,,,,,,,,,
"1834755","6f9c988a5462ba48b14a2782d40766190c6a05f595ab800c6b16440ffb3c299e50d22d81bf1188e74addce93001a78b8b041add507ebcb7367851e5cfbecb17d","2024-06-04T14:50:00.000","2","DRIVER",,"1747741",,"FORD","VAN","IL","2012","NONE","VAN/MINI-VAN","PERSONAL","W","SLOW/STOP IN TRAFFIC",,,"1",,,,,"Y",,,,,,,,,,,,,"FRONT-RIGHT-CORNER",,,,,,,,,,,,,,,,,,,,,,,,,,,,,,,,,
"1834606","78bc9d0cb50624473e2dd53ae6228ff03bdb9443034ebec09793dcc0700e683be031ba5bac168d6fa1c281c0e979f7a4e697bde2f1f10157df5961c0a01a05ca","2024-06-04T14:50:00.000","1","DRIVER",,"1747585",,"UNKNOWN","OTHER (EXPLAIN IN NARRATIVE)","IL",,"UNKNOWN","UNKNOWN/NA","OTHER","S","TURNING LEFT",,,"1",,,,,,,,,,,,,,,,,"Y","UNKNOWN",,,,,,,,,,,,,,,,,,,,,,,,,,,,,,,,,
"1834607","78bc9d0cb50624473e2dd53ae6228ff03bdb9443034ebec09793dcc0700e683be031ba5bac168d6fa1c281c0e979f7a4e697bde2f1f10157df5961c0a01a05ca","2024-06-04T14:50:00.000","2","PARKED",,"1747595",,"ACURA","ZDX","IL","2023","NONE","SPORT UTILITY VEHICLE (SUV)","NOT IN USE","S","PARKED",,,"0",,,,,,,,,"Y",,,,,,,,,"SIDE-RIGHT-REAR",,,,,,,,,,,,,,,,,,,,,,,,,,,,,,,,,
"1834590","aa0970c1fc0eeb05099d8a183eb1f2116851a3136ca4227c6bfc1dff09e9d945d2cecba2b25b81e9b94a2a0e34eb19aa778d0d9ac7aec4436aa3ec631d8eccea","2024-06-04T14:50:00.000","1","DRIVER",,"1747597","Y","TOYOTA","CAMRY","IL","2017","UNKNOWN","PASSENGER","TAXI/FOR HIRE","W","STRAIGHT AHEAD",,,"1",,,,,"Y",,,,,,,,,,"Y","Y",,"FRONT","19384",,,,"DRIVER",,"YELLOW CAB","IL","CHICAGO",,,,"N","N",,"N",,"N","N",,,,,,,,,,,,"N","N",
"1834591","aa0970c1fc0eeb05099d8a183eb1f2116851a3136ca4227c6bfc1dff09e9d945d2cecba2b25b81e9b94a2a0e34eb19aa778d0d9ac7aec4436aa3ec631d8eccea","2024-06-04T14:50:00.000","2","DRIVER",,"1747639",,"HONDA","PILOT","IL","2024","UNKNOWN","SPORT UTILITY VEHICLE (SUV)","PERSONAL","W","SLOW/STOP IN TRAFFIC",,,"1",,,,,,,,,"Y","Y","Y",,,,,,,"REAR",,,,,,,,,,,,,,,,,,,,,,,,,,,,,,,,,
"1834620","703d3c77c37b4df82c9d2820a2739647f2b8b48b28f22cdeec7d2f2b5903377cb35e33a118608b81b1e04efe404fce429d2a98b87b8eeacf88cc580e5f57eb76","2024-06-04T14:45:00.000","1","DRIVER",,"1747593",,"CHEVROLET","TRAIL BLAZER","IL","2006","NONE","PASSENGER","PERSONAL","E","STRAIGHT AHEAD",,,"1",,,,,,,,,,,,,,,,"N","Y","FRONT",,,,,,,,,,,,,,,,,,,,,,,,,,,,,,,,,
"1834621","703d3c77c37b4df82c9d2820a2739647f2b8b48b28f22cdeec7d2f2b5903377cb35e33a118608b81b1e04efe404fce429d2a98b87b8eeacf88cc580e5f57eb76","2024-06-04T14:45:00.000","2","DRIVER",,"1747601",,"GENERAL MOTORS CORPORATION (GMC)","SONOMA","IL","2000","NONE","PICKUP","PERSONAL","E","SLOW/STOP IN TRAFFIC",,,"1",,,,,,,,,,"Y",,,,,,"Y",,"REAR",,,,,,,,,,,,,,,,,,,,,,,,,,,,,,,,,
"1834622","703d3c77c37b4df82c9d2820a2739647f2b8b48b28f22cdeec7d2f2b5903377cb35e33a118608b81b1e04efe404fce429d2a98b87b8eeacf88cc580e5f57eb76","2024-06-04T14:45:00.000","3","DRIVER","1","1747611",,"HYUNDAI","SONATA","IL","2018","NONE","PASSENGER","PERSONAL","E","SLOW/STOP IN TRAFFIC",,,"2",,,,,,,,,,"Y",,,,,,,,"REAR",,,,,,,,,,,,,,,,,,,,,,,,,,,,,,,,,
"1834623","703d3c77c37b4df82c9d2820a2739647f2b8b48b28f22cdeec7d2f2b5903377cb35e33a118608b81b1e04efe404fce429d2a98b87b8eeacf88cc580e5f57eb76","2024-06-04T14:45:00.000","4","DRIVER",,"1747621",,"MERCURY","MILAN","IL","2006","NONE","PASSENGER","PERSONAL","E","SLOW/STOP IN TRAFFIC",,,"1",,,,,,,,,,"N",,,,,,,"Y","REAR",,,,,,,,,,,,,,,,,,,,,,,,,,,,,,,,,
"1834584","d0c7e0d0616105900fddd8a9877f2c0e853f7feee60a053489f5f747fe46db38fbe0cde422f1b234e614366c026cb0e2fb91f7daaa3a5e89241f130021f48320","2024-06-04T14:45:00.000","1","DRIVER",,"1747564",,"KIA","SORENTO","IL","2021","NONE","SPORT UTILITY VEHICLE (SUV)","PERSONAL","S","STRAIGHT AHEAD",,,"1",,,,,,,,,,,"Y","Y",,,,,,"SIDE-LEFT",,,,,,,,,,,,,,,,,,,,,,,,,,,,,,,,,
"1834585","d0c7e0d0616105900fddd8a9877f2c0e853f7feee60a053489f5f747fe46db38fbe0cde422f1b234e614366c026cb0e2fb91f7daaa3a5e89241f130021f48320","2024-06-04T14:45:00.000","2","DRIVER",,"1747571",,"SUBARU","FORESTER","IL","2024","NONE","SPORT UTILITY VEHICLE (SUV)","PERSONAL","S","STRAIGHT AHEAD",,,"1",,,,,"Y","Y",,,,,,,,,,,,"FRONT-RIGHT-CORNER",,,,,,,,,,,,,,,,,,,,,,,,,,,,,,,,,
"1834580","9f967a2b597c696d83286794c46f2d72bb5440fa22c1d23cec5c2a78855be6d6192bb506ea940578035b106729bd53d0b757a046b25602e9cb6d20362ac7b12d","2024-06-04T14:42:00.000","1","DRIVER",,"1747552",,"TOYOTA","CAMRY","FL","2021","UNKNOWN","UNKNOWN/NA","UNKNOWN/NA","S","U-TURN",,,"1",,,,,,,,"N","N",,,,,"Y","Y",,,"FRONT-LEFT-CORNER",,,,,,,,,,,,,,,,,,,,,,,,,,,,,,,,,
"1834581","9f967a2b597c696d83286794c46f2d72bb5440fa22c1d23cec5c2a78855be6d6192bb506ea940578035b106729bd53d0b757a046b25602e9cb6d20362ac7b12d","2024-06-04T14:42:00.000","2","PARKED",,"1747566",,"FORD","EXPLORER","IL","2021","NONE","OTHER","POLICE","S","PARKED",,,"0",,,,,,,,"Y","Y",,,,,,,,,"REAR-RIGHT-CORNER",,,,,,,,,,,,,,,,,,,,,,,,,,,,,,,,,
"1834588","102950f7f3b1ad998ff15b222dbdc3ca5daa4fd570311f15451dd500349b2801c00541fcd5fe57701a7a746e208f9697b56f79ba3f457f0c97e7cf77e1827ec2","2024-06-04T14:40:00.000","1","DRIVER",,"1747563","N","FORD","F550","IL","2017","NONE","TRUCK - SINGLE UNIT","OTHER","S","BACKING",,,"1",,,,,,,,,"Y",,,,,,,,,"REAR-RIGHT-CORNER",,,,,,,,,,,,,,,,,,,,,,,,,,,,,,,,,
"1834589","102950f7f3b1ad998ff15b222dbdc3ca5daa4fd570311f15451dd500349b2801c00541fcd5fe57701a7a746e208f9697b56f79ba3f457f0c97e7cf77e1827ec2","2024-06-04T14:40:00.000","2","PARKED",,"1747573",,"MERCURY","GRAND MARQUIS","MI","2005","NONE","PASSENGER","NOT IN USE","S","PARKED",,,"0",,,,,,,,,,,,,,,"Y",,,"FRONT-LEFT-CORNER",,,,,,,,,,,,,,,,,,,,,,,,,,,,,,,,,
"1834632","98c7f6dd744163dca5c181d208b00840a68624165ba8e47de1be2760e564328d88fa93afd49a6d8fd6f11cc39b97d688c8d5b4d52fd1ebc8ecf7ee23bff321ef","2024-06-04T14:40:00.000","1","DRIVER","1","1747604",,"FORD","OTHER (EXPLAIN IN NARRATIVE)","IL","2017","NONE","OTHER","POLICE","S","PASSING/OVERTAKING",,,"2",,,,,,"Y",,,,,,,,,,,"Y","SIDE-RIGHT",,,,,,,,,,,,,,,,,,,,,,,,,,,,,,,,,
"1834633","98c7f6dd744163dca5c181d208b00840a68624165ba8e47de1be2760e564328d88fa93afd49a6d8fd6f11cc39b97d688c8d5b4d52fd1ebc8ecf7ee23bff321ef","2024-06-04T14:40:00.000","2","DRIVER",,"1747616",,"UNKNOWN","OTHER (EXPLAIN IN NARRATIVE)",,,"UNKNOWN","UNKNOWN/NA","UNKNOWN/NA","S","STRAIGHT AHEAD",,,"1",,,,,,,,,,,,,,,"Y",,"Y","FRONT-LEFT-CORNER",,,,,,,,,,,,,,,,,,,,,,,,,,,,,,,,,
"1834576","d8ab5e748208d40a1a829e73cb7fe4afc4ef81e66f2beda91cce63d250e513c37e2f7decc6b7589620ad386dae891db3f27a63b8b5c596c96ca52c6a72fa5ce0","2024-06-04T14:37:00.000","1","DRIVER",,"1747549",,"HYUNDAI","OTHER (EXPLAIN IN NARRATIVE)","IL","2005","NONE","PASSENGER","PERSONAL","W","STRAIGHT AHEAD",,,"1",,,,,,,,,,,,,,,,"Y",,"FRONT",,,,,,,,,,,,,,,,,,,,,,,,,,,,,,,,,
"1834577","d8ab5e748208d40a1a829e73cb7fe4afc4ef81e66f2beda91cce63d250e513c37e2f7decc6b7589620ad386dae891db3f27a63b8b5c596c96ca52c6a72fa5ce0","2024-06-04T14:37:00.000","2","DRIVER",,"1747558",,"HYUNDAI","SANTA FE","IL","2022","NONE","PASSENGER","PERSONAL","W","STRAIGHT AHEAD",,,"1",,,,,,,,,,"Y",,,,,,,,"REAR",,,,,,,,,,,,,,,,,,,,,,,,,,,,,,,,,
"1834561","2401bd7b5f9e9a58668199f7201adfa9a11e460c5067fc70c3d3997aa3fdf9d20f58939a4c7dc2961e7ed8b667c09557577b866cd87b44dedb4c7176bfa440d8","2024-06-04T14:35:00.000","1","DRIVER",,"1747535",,"UNKNOWN","OTHER (EXPLAIN IN NARRATIVE)","IL",,"UNKNOWN","PASSENGER","UNKNOWN/NA","E","STRAIGHT AHEAD",,,"1",,,,,,"Y",,,,,,,,,,,,"FRONT-RIGHT-CORNER",,,,,,,,,,,,,,,,,,,,,,,,,,,,,,,,,
"1834562","2401bd7b5f9e9a58668199f7201adfa9a11e460c5067fc70c3d3997aa3fdf9d20f58939a4c7dc2961e7ed8b667c09557577b866cd87b44dedb4c7176bfa440d8","2024-06-04T14:35:00.000","2","DRIVER",,"1747540",,"NOVA BUS","LFS","IL",,"NONE","BUS OVER 15 PASS.","CTA","E","STRAIGHT AHEAD",,,"1",,,,,,,,,,,,,,"Y",,,,"FRONT-LEFT-CORNER",,,,,,,,,,,,,,,,,,,,,,,,,,,,,,,,,
"1835346","77fa76826800d57908ab306d0235cabda73ea308d28763356335d0e12c43e35db549faae153a89668efbfdb1c8da6cd54a97bc59764bf59731d28cc9c7e52599","2024-06-04T14:35:00.000","2","PARKED",,"1748283",,"CHEVROLET","OTHER (EXPLAIN IN NARRATIVE)","IL","2017","NONE","PASSENGER","PERSONAL","W","PARKED",,,"0",,,,,,,,,,,,,,,"Y",,,"FRONT-LEFT-CORNER",,,,,,,,,,,,,,,,,,,,,,,,,,,,,,,,,
"1835366","77fa76826800d57908ab306d0235cabda73ea308d28763356335d0e12c43e35db549faae153a89668efbfdb1c8da6cd54a97bc59764bf59731d28cc9c7e52599","2024-06-04T14:35:00.000","1","DRIVER",,"1748292",,"UNKNOWN","OTHER (EXPLAIN IN NARRATIVE)",,,"UNKNOWN","UNKNOWN/NA","UNKNOWN/NA","UNKNOWN","UNKNOWN/NA",,,"1",,,,,,,,,,,,,,,,,,"UNKNOWN",,,,,,,,,,,,,,,,,,,,,,,,,,,,,,,,,
"1834586","012c789f353bf95bc1ec40f3fe9a1e02dc96519fedcf3590ab670377cdc1dd7cdf1e17153e05bef3a46193206c208bc82537a2a1995fa0b5c84fce9ed401ed09","2024-06-04T14:30:00.000","1","DRIVER",,"1747638",,"FORD","ESCAPE","FL","2014","NONE","PASSENGER","PERSONAL","W","STRAIGHT AHEAD",,,"1",,,,,,,,,,,,,,,,"Y",,"FRONT",,,,,,,,,,,,,,,,,,,,,,,,,,,,,,,,,
"1834587","012c789f353bf95bc1ec40f3fe9a1e02dc96519fedcf3590ab670377cdc1dd7cdf1e17153e05bef3a46193206c208bc82537a2a1995fa0b5c84fce9ed401ed09","2024-06-04T14:30:00.000","2","DRIVER",,"1747645",,"CHEVROLET","TAHOE","IL","2007","NONE","PASSENGER","PERSONAL","W","SLOW/STOP IN TRAFFIC",,,"1",,,,,,,,,,"Y",,,,,,,,"REAR",,,,,,,,,,,,,,,,,,,,,,,,,,,,,,,,,
"1835337","a6a8e6bb9ea2886a9a9191e5ad74d4bcf51c35687ded4f4833af0a556f78f5088bd2e42c4495f3c6f72a667462cbf6d51eab6a6cf181f21eed5004819c9b8fdb","2024-06-04T14:30:00.000","1","DRIVER",,"1748267",,"UNKNOWN","MOTORIZED","IL",,"UNKNOWN","UNKNOWN/NA","UNKNOWN/NA","UNKNOWN","UNKNOWN/NA",,,"1",,,,,,,,,,,,,,,,,"Y","UNKNOWN",,,,,,,,,,,,,,,,,,,,,,,,,,,,,,,,,
"1835344","a6a8e6bb9ea2886a9a9191e5ad74d4bcf51c35687ded4f4833af0a556f78f5088bd2e42c4495f3c6f72a667462cbf6d51eab6a6cf181f21eed5004819c9b8fdb","2024-06-04T14:30:00.000","2","PEDESTRIAN",,,,,,,,,,,,,,,,,,,,,,,,,,,,,,,,,,,,,,,,,,,,,,,,,,,,,,,,,,,,,,,,,,
"1834574","cbcf0334317f596229001b5621ce8e735e8f17724d6105bed62e47ceca0c58a604b04bbb0bedf41dc1ef83e27d2398afb49ac7691ef32335c1bd78b9a504f932","2024-06-04T14:30:00.000","1","DRIVER",,"1747559",,"JEEP","GRAND CHEROKEE","IL","2011","UNKNOWN","PASSENGER","PERSONAL","W","STRAIGHT AHEAD",,,"1",,,,,,,,,,,,,,,,,"Y","UNKNOWN",,,,,,,,,,,,,,,,,,,,,,,,,,,,,,,,,
"1834575","cbcf0334317f596229001b5621ce8e735e8f17724d6105bed62e47ceca0c58a604b04bbb0bedf41dc1ef83e27d2398afb49ac7691ef32335c1bd78b9a504f932","2024-06-04T14:30:00.000","2","DRIVER",,"1747565",,"MITSUBISHI","OUTLANDER","IL","2017","NONE","PASSENGER","PERSONAL","W","STRAIGHT AHEAD",,,"1",,,,,,,,"Y","Y",,,,,,,,,"REAR-LEFT-CORNER",,,,,,,,,,,,,,,,,,,,,,,,,,,,,,,,,
"1834626","b7e5b7489f8c94e9187c1d99d9e4f8d1a5a4575831ca59ddbb628b0d3bac2b690bc4c51559842112bae210476f4ad9b32fd4df017e1b6fc315713765d1e5aee3","2024-06-04T14:15:00.000","1","DRIVER",,"1747617","N","FREIGHTLINER CORPORATION","FREIGHTLINER CORP.","IL","2013","UNKNOWN","TRACTOR W/ SEMI-TRAILER","COMMERCIAL - SINGLE UNIT","N","BACKING",,,"1",,,,,,,,,,"Y",,,,,,,,"REAR",,,,,,,,,,,,,,,,,,,,,,,,,,,,,,,,,
"1834652","b7e5b7489f8c94e9187c1d99d9e4f8d1a5a4575831ca59ddbb628b0d3bac2b690bc4c51559842112bae210476f4ad9b32fd4df017e1b6fc315713765d1e5aee3","2024-06-04T14:15:00.000","2","PARKED",,"1747630",,"MACK TRUCKS, INC.","MACK TRUCKS, INC.","IL","2024","UNKNOWN","TRACTOR W/O SEMI-TRAILER","COMMERCIAL - SINGLE UNIT","E","PARKED",,,"0",,,,,,"Y","Y","Y",,,,,,,,,,"SIDE-RIGHT",,,,,,,,,,,,,,,,,,,,,,,,,,,,,,,,,
"1834528","cb1b448b6915eda37e0874e3006ba5c0fd1420908a22b9bf343a73f65f06ec4ad04e5c2d3a27c20cc22fa041177605ed0999c1b4b1a7a47196e91c07c73d8916","2024-06-04T14:01:00.000","1","DRIVER",,"1747503",,"TOYOTA","OTHER (EXPLAIN IN NARRATIVE)","IL","2019","UNKNOWN","PASSENGER","PERSONAL","S","BACKING",,,"1",,,,,,,,,"Y","Y","Y",,,,,,,"REAR",,,,,,,,,,,,,,,,,,,,,,,,,,,,,,,,,
"1834529","cb1b448b6915eda37e0874e3006ba5c0fd1420908a22b9bf343a73f65f06ec4ad04e5c2d3a27c20cc22fa041177605ed0999c1b4b1a7a47196e91c07c73d8916","2024-06-04T14:01:00.000","2","DRIVER",,"1747515",,"TOYOTA","CAMRY","IL","2014","UNKNOWN","PASSENGER","PERSONAL","N","STRAIGHT AHEAD",,,"1",,,,,"Y",,,,,,,,,,"Y","Y",,"FRONT",,,,,,,,,,,,,,,,,,,,,,,,,,,,,,,,,
"1834550","13673ea186b0449a393f70def80c69b0094ec633531ba9e571016d57fd5487796060226c9dbcc5e781d635b9795425f88436a7e7ad3e759816b97d035a187382","2024-06-04T14:00:00.000","1","DRIVER",,"1747520",,"UNKNOWN","OTHER (EXPLAIN IN NARRATIVE)",,,"UNKNOWN","UNKNOWN/NA","UNKNOWN/NA","E","ENTERING TRAFFIC LANE FROM PARKING",,,"1",,,,,,,,,,,,,,"Y","Y",,,"FRONT-LEFT-CORNER",,,,,,,,,,,,,,,,,,,,,,,,,,,,,,,,,
"1834551","13673ea186b0449a393f70def80c69b0094ec633531ba9e571016d57fd5487796060226c9dbcc5e781d635b9795425f88436a7e7ad3e759816b97d035a187382","2024-06-04T14:00:00.000","2","DRIVER",,"1747524",,"HONDA","CIVIC","IL","2006","NONE","PASSENGER","PERSONAL","E","STRAIGHT AHEAD",,,"1",,,,,"Y",,,,,,,,,,,,,"FRONT-RIGHT-CORNER",,,,,,,,,,,,,,,,,,,,,,,,,,,,,,,,,
"1834598","15373e5176390469fb7d423e83b8fb938f816de80ec178f7d6980c6af25fb6dd3088224188397b6ace6565846c24b29c828725580df1fc91a89b306970a77fdf","2024-06-04T14:00:00.000","1","DRIVER",,"1747575",,"HONDA","ODYSSEY","IL","2007","UNKNOWN","VAN/MINI-VAN","UNKNOWN/NA","E","ENTER FROM DRIVE/ALLEY",,,"1",,,,,"N",,,,,,,,,,"Y","N",,"FRONT-LEFT-CORNER",,,,,,,,,,,,,,,,,,,,,,,,,,,,,,,,,
"1834599","15373e5176390469fb7d423e83b8fb938f816de80ec178f7d6980c6af25fb6dd3088224188397b6ace6565846c24b29c828725580df1fc91a89b306970a77fdf","2024-06-04T14:00:00.000","2","DRIVER",,"1747582",,"TOYOTA","RAV4","IL","2012","NONE","PASSENGER","PERSONAL","S","STRAIGHT AHEAD","Y",,"1",,"unk","unk",,,,"Y","Y","Y",,,,,,,,,"SIDE-RIGHT",,,,,,,,,,,,,,,,,,,,,,,,,,,,,,,,,
"1834548","496e6683716221e3068fa2fcd98353cce7d5e16cc279dd5de1f3b7f09168d45e6e0f4a437a0a26a370ae2d9959597e16f1441744a91f8f6d19643b115b1f0918","2024-06-04T14:00:00.000","1","DRIVER",,"1747525",,"HYUNDAI","SONATA","IL","2013","NONE","PASSENGER","PERSONAL","W","STRAIGHT AHEAD","Y",,"1",,,,,"Y","Y",,,,,,,,"Y","Y","Y",,"FRONT",,,,,,,,,,,,,,,,,,,,,,,,,,,,,,,,,
"1834549","496e6683716221e3068fa2fcd98353cce7d5e16cc279dd5de1f3b7f09168d45e6e0f4a437a0a26a370ae2d9959597e16f1441744a91f8f6d19643b115b1f0918","2024-06-04T14:00:00.000","2","DRIVER",,"1747537",,"NISSAN","KICKS","IL","2019","NONE","PASSENGER","PERSONAL","S","STRAIGHT AHEAD","Y",,"1",,,,,"Y","Y",,,,,,,,"Y","Y","Y",,"FRONT",,,,,,,,,,,,,,,,,,,,,,,,,,,,,,,,,
"1834545","c10628bb68cec9e9ca447c5b49bd38616bd676399b4f890c6f7e46f5433fd44f1ac0fd14bf0142ae5955b404e4da270d079cced11312674dde04214a455fd859","2024-06-04T14:00:00.000","1","DRIVER",,"1747518",,"UNKNOWN","MOTORIZED","IL",,"UNKNOWN","TRUCK - SINGLE UNIT","TOW TRUCK","N","BACKING",,,"1",,,,,,,,,,,,,,,,,"Y","SIDE-RIGHT",,,,,,,,,,,,,,,,,,,,,,,,,,,,,,,,,
"1834546","c10628bb68cec9e9ca447c5b49bd38616bd676399b4f890c6f7e46f5433fd44f1ac0fd14bf0142ae5955b404e4da270d079cced11312674dde04214a455fd859","2024-06-04T14:00:00.000","2","DRIVER",,"1747523",,"BUICK","LACROSSE","IL","2008","NONE","PASSENGER","PERSONAL","S","OTHER",,,"1",,,,,,,,,,,"Y","Y","Y",,,,,"SIDE-LEFT-REAR",,,,,,,,,,,,,,,,,,,,,,,,,,,,,,,,,
"1834532","a2d60222ad46086cbf23a26a4a47c441db26ed99857cde8370a64a93921765e28180dccbed88f9375e63f8ba2e808951bf2159ad10a7e650a863f37c4fc53fcc","2024-06-04T13:57:00.000","1","DRIVER",,"1747505",,"HONDA","ACCORD","IL","2007","NONE","PASSENGER","PERSONAL","N","TURNING LEFT",,,"1",,,,,"Y",,,,,,,,,,,"Y",,"FRONT-RIGHT-CORNER",,,,,,,,,,,,,,,,,,,,,,,,,,,,,,,,,
"1834533","a2d60222ad46086cbf23a26a4a47c441db26ed99857cde8370a64a93921765e28180dccbed88f9375e63f8ba2e808951bf2159ad10a7e650a863f37c4fc53fcc","2024-06-04T13:57:00.000","2","DRIVER",,"1747512",,"NISSAN","SENTRA","IL","2019","NONE","PASSENGER","PERSONAL","W","STRAIGHT AHEAD",,,"1",,,,,,,,,,,,"Y","Y","Y",,,,"SIDE-LEFT",,,,,,,,,,,,,,,,,,,,,,,,,,,,,,,,,
"1835267","c1824944e699f235bc1d64e169c28cb6da7342cf26cc7e17467ad24634004fe6e58e4af2156a551c6a61912b29757b5b14e6592deed892f5e267325b7a78d09f","2024-06-04T13:41:00.000","1","DRIVER",,"1748214",,"CHEVROLET","MALIBU","IL","2006","NONE","PASSENGER","PERSONAL","N","STRAIGHT AHEAD",,,"1",,,,,,,,,,,,,,"Y",,,,"SIDE-LEFT-FRONT",,,,,,,,,,,,,,,,,,,,,,,,,,,,,,,,,
"1835268","c1824944e699f235bc1d64e169c28cb6da7342cf26cc7e17467ad24634004fe6e58e4af2156a551c6a61912b29757b5b14e6592deed892f5e267325b7a78d09f","2024-06-04T13:41:00.000","2","BICYCLE",,,,,,,,,,,,,,,,,,,,,,,,,,,,,,,,,,,,,,,,,,,,,,,,,,,,,,,,,,,,,,,,,,
"1835363","8916e7b4f7b3d54796702cba446bcff995fcd39308183b68d2b3c379b00a45df0240279cda3066603bde6a7cbec57617b9cff76312bc70226ed1a9c62d5e562a","2024-06-04T13:30:00.000","1","DRIVER",,"1748295",,"TOYOTA","SIENNA","IL","2014","UNKNOWN","PASSENGER","PERSONAL","E","BACKING",,,"1",,,,,,,,,,,"Y",,,,,,"N","REAR-LEFT-CORNER",,,,,,,,,,,,,,,,,,,,,,,,,,,,,,,,,
"1835364","8916e7b4f7b3d54796702cba446bcff995fcd39308183b68d2b3c379b00a45df0240279cda3066603bde6a7cbec57617b9cff76312bc70226ed1a9c62d5e562a","2024-06-04T13:30:00.000","2","DRIVER",,"1748297",,"FORD","ESCAPE","IL","2024","NONE","PASSENGER","PERSONAL","S","STRAIGHT AHEAD",,,"1",,,,,,,,,"Y",,,,,,,,,"REAR-RIGHT-CORNER",,,,,,,,,,,,,,,,,,,,,,,,,,,,,,,,,