"crash_unit_id","crash_record_id","crash_date","unit_no","unit_type","num_passengers","vehicle_id","cmrc_veh_i","make","model","lic_plate_state","vehicle_year","vehicle_defect","vehicle_type","vehicle_use","travel_direction","maneuver","towed_i","fire_i","occupant_cnt","exceed_speed_limit_i","towed_by","towed_to","area_00_i","area_01_i","area_02_i","area_03_i","area_04_i","area_05_i","area_06_i","area_07_i","area_08_i","area_09_i","area_10_i","area_11_i","area_12_i","area_99_i","first_contact_point","cmv_id","usdot_no","ccmc_no","ilcc_no","commercial_src","gvwr","carrier_name","carrier_state","carrier_city","hazmat_placards_i","hazmat_name","un_no","hazmat_present_i","hazmat_report_i","hazmat_report_no","mcs_report_i","mcs_report_no","hazmat_vio_cause_crash_i","mcs_vio_cause_crash_i","idot_permit_no","wide_load_i","trailer1_width","trailer2_width","trailer1_length","trailer2_length","total_vehicle_length","axle_cnt","vehicle_config","cargo_body_type","load_type","hazmat_out_of_service_i","mcs_out_of_service_i","hazmat_class"
"1835275","037af04867fcf950480ffe7db5d8a6b3dc59b130377ae872141d19a14e2a7019404b2ceb38bd95f1a90c28e59b9093d8a95468247b6e14e58b132b8e6b65743f","2024-06-04T10:30:00.000","1","DRIVER",,"1748213",,"UNKNOWN","OPEN BODY",,,"UNKNOWN","UNKNOWN/NA","UNKNOWN/NA","UNKNOWN","UNKNOWN/NA",,,"1",,,,,,,,,,,,,,,,,"Y","UNKNOWN",,,,,,,,,,,,,,,,,,,,,,,,,,,,,,,,,
"1835276","037af04867fcf950480ffe7db5d8a6b3dc59b130377ae872141d19a14e2a7019404b2ceb38bd95f1a90c28e59b9093d8a95468247b6e14e58b132b8e6b65743f","2024-06-04T10:30:00.000","2","PARKED",,"1748215",,"BUICK","ENCLAVE","IL","2017","NONE","PASSENGER","PERSONAL","S","PARKED",,,"0",,,,,,,"Y","Y","N",,,,,,,,,"SIDE-RIGHT-REAR",,,,,,,,,,,,,,,,,,,,,,,,,,,,,,,,,
"1834422","19e8e8b31db01dfc15a49b0c8480a2b11c4d5daf31665ac92db1ae2e00a2f2be8285dac5d281968e84a43cfcea0e950a1e601dcbfb79b4cbc5efa1f63ca1d713","2024-06-04T10:30:00.000","1","DRIVER",,"1747409",,"TOYOTA","RAV4","IL","2014","UNKNOWN","UNKNOWN/NA","UNKNOWN/NA","UNKNOWN","U-TURN",,,"1",,,,,,,,,,,,,,,,,"Y","UNKNOWN",,,,,,,,,,,,,,,,,,,,,,,,,,,,,,,,,
"1834423","19e8e8b31db01dfc15a49b0c8480a2b11c4d5daf31665ac92db1ae2e00a2f2be8285dac5d281968e84a43cfcea0e950a1e601dcbfb79b4cbc5efa1f63ca1d713","2024-06-04T10:30:00.000","2","DRIVER",,"1747429",,"FORD","FOCUS","IN","2012","NONE","PASSENGER","PERSONAL","E","STRAIGHT AHEAD","Y",,"1",,,,,"Y",,,,,,,,,,,,,"FRONT-RIGHT-CORNER",,,,,,,,,,,,,,,,,,,,,,,,,,,,,,,,,
"1834373","700b9819d9f9c5212612fb3fe61d932551731a6970cb6ed42f908e55cc476d841d796108af900efa4d44d8d59be44e58de435cfe2c07c84d8d2aaa317d23c62a","2024-06-04T10:30:00.000","1","DRIVER",,"1747387","Y","FREIGHTLINER CORPORATION","FREIGHTLINER CORP.","IL","2020","NONE","TRACTOR W/ SEMI-TRAILER","COMMERCIAL - MULTI-UNIT","E","STRAIGHT AHEAD",,,"1",,,,,,,,,,,,,,,,,,"NONE","19379","2037668","715131",,"LOG BOOK","1","NATIONWIDE CARGO","IL","EAST DUNDEE",,,,"N","N",,"N",,"N","N",,,">102",,,,"120","6","TRACTOR/SEMI-TRAILER","OTHER","OTHER","N","N",
"1834381","237771605def2af0e45311285eef9d840f12c2269347f271f34f6265f7c96b9bf408a574df972fe365c28fb79afe75a317ff7847881a249cd8f8539c9d2abce7","2024-06-04T10:25:00.000","1","DRIVER",,"1747384",,"INTERNATIONAL HARVESTER","INTERNATIONAL HARVESTER","IL","2016","UNKNOWN","TRUCK - SINGLE UNIT","COMMERCIAL - SINGLE UNIT","E","STRAIGHT AHEAD",,,"1",,,,,"Y",,,,,,,,,,,"Y",,"FRONT-RIGHT-CORNER",,,,,,,,,,,,,,,,,,,,,,,,,,,,,,,,,
"1834382","237771605def2af0e45311285eef9d840f12c2269347f271f34f6265f7c96b9bf408a574df972fe365c28fb79afe75a317ff7847881a249cd8f8539c9d2abce7","2024-06-04T10:25:00.000","2","DRIVER",,"1747402",,"FORD","EXPLORER","IL",,"NONE","SPORT UTILITY VEHICLE (SUV)","POLICE","N","STRAIGHT AHEAD","Y",,"1",,"streets and sanitation","belmont/ western",,,,,,,,,,,"Y","Y","Y",,"FRONT-LEFT-CORNER",,,,,,,,,,,,,,,,,,,,,,,,,,,,,,,,,
"1834490","a9168f98d9286d5775836f65bd7354fa91ea73aa48d6def86ad23662198ba0cfd4ef0096b4e01425ad41f38bbb6e8d9c059d1b1270bab2c6cbc66751404b24ba","2024-06-04T10:22:00.000","1","DRIVER",,"1747462",,"GENERAL MOTORS CORPORATION (GMC)","ENVOY","WI",,"UNKNOWN","SPORT UTILITY VEHICLE (SUV)","UNKNOWN/NA","N","BACKING",,,"1",,,,,,,,,,"Y",,,,,,,,"REAR",,,,,,,,,,,,,,,,,,,,,,,,,,,,,,,,,
"1834491","a9168f98d9286d5775836f65bd7354fa91ea73aa48d6def86ad23662198ba0cfd4ef0096b4e01425ad41f38bbb6e8d9c059d1b1270bab2c6cbc66751404b24ba","2024-06-04T10:22:00.000","2","PARKED","1","1747470",,"CHEVROLET","OTHER (EXPLAIN IN NARRATIVE)","IL","2020","NONE","PASSENGER","PERSONAL","E","PARKED",,,"1",,,,,,,,,"Y",,,,,,,,,"REAR-RIGHT-CORNER",,,,,,,,,,,,,,,,,,,,,,,,,,,,,,,,,
"1834446","3d46d4922473a654f35420b561a6348f728c685206804527d083c4e60aa9eeefb4c0d1b90192a5da39d5a0db86969bbc5069cf4a8127a242940998b1f607975c","2024-06-04T10:15:00.000","1","DRIVER",,"1747419",,"FREIGHTLINER CORPORATION","OTHER (EXPLAIN IN NARRATIVE)",,"2017","UNKNOWN","TRUCK - SINGLE UNIT","UNKNOWN/NA","UNKNOWN","STRAIGHT AHEAD",,,"1",,,,,"Y",,,,,,,,,,"Y","Y",,"FRONT",,,,,,,,,,,,,,,,,,,,,,,,,,,,,,,,,
"1834447","3d46d4922473a654f35420b561a6348f728c685206804527d083c4e60aa9eeefb4c0d1b90192a5da39d5a0db86969bbc5069cf4a8127a242940998b1f607975c","2024-06-04T10:15:00.000","2","DRIVER","1","1747426",,"JEEP","LAREDO","IL","2014","NONE","SPORT UTILITY VEHICLE (SUV)","PERSONAL","UNKNOWN","SLOW/STOP IN TRAFFIC",,,"2",,,,,,,,,"Y","Y","Y",,,,,,,"REAR",,,,,,,,,,,,,,,,,,,,,,,,,,,,,,,,,
"1834429","4d06a2ac4fd3d6f9c4ab7a59a9334d0e85de422c110bb004b11447dbcf82643167e59364658b3b288a986afb4b97907f72ac1cc67b3028d6d5bf3b874b727825","2024-06-04T10:15:00.000","1","DRIVER",,"1747407",,"CHEVROLET","OTHER (EXPLAIN IN NARRATIVE)","IL","2014","UNKNOWN","PASSENGER","PERSONAL","N","STRAIGHT AHEAD",,,"1",,,,,"Y",,,,,,,,,,,,,"FRONT-RIGHT-CORNER",,,,,,,,,,,,,,,,,,,,,,,,,,,,,,,,,
"1834430","4d06a2ac4fd3d6f9c4ab7a59a9334d0e85de422c110bb004b11447dbcf82643167e59364658b3b288a986afb4b97907f72ac1cc67b3028d6d5bf3b874b727825","2024-06-04T10:15:00.000","2","DRIVER",,"1747417",,"MERCEDES-BENZ","C250","IL","2023","UNKNOWN","PASSENGER","PERSONAL","N","STRAIGHT AHEAD",,,"1",,,,,,,,,,,,,"Y",,,,,"SIDE-LEFT",,,,,,,,,,,,,,,,,,,,,,,,,,,,,,,,,
"1834409","5a7b934c92a4383ce6eb484ef030fcade55ce0fe6b19ac58e1076c19bd12586635a083cbe45160410973c93321577cb35579b8276417755c87cf3fc4608535fa","2024-06-04T10:15:00.000","1","DRIVER",,"1747403",,"VOLUNTEER MANUFACTURING CORPORATION","VOLUNTEER MFG. CORP.","OH","2017","NONE","TRACTOR W/ SEMI-TRAILER","COMMERCIAL - SINGLE UNIT","N","BACKING",,,"1",,,,"Y",,,,,,,,,,,"N",,,"REAR",,,,,,,,,,,,,,,,,,,,,,,,,,,,,,,,,
"1834410","5a7b934c92a4383ce6eb484ef030fcade55ce0fe6b19ac58e1076c19bd12586635a083cbe45160410973c93321577cb35579b8276417755c87cf3fc4608535fa","2024-06-04T10:15:00.000","2","DRIVER",,"1747428",,"JEEP","COMPASS","IL","2020","NONE","PASSENGER","PERSONAL","S","STRAIGHT AHEAD",,,"1",,,,,,,,,,,,,,,,"Y",,"FRONT",,,,,,,,,,,,,,,,,,,,,,,,,,,,,,,,,
"1835113","05c60e0d6063f03bf5d2d807aeb784c58e6fe0f184f34966c4a1fd694a785a63074a80e547cc28f6659ba81f3d605b98fc3995457807bf49d69c2e2fc3ee49f7","2024-06-04T10:00:00.000","1","DRIVER",,"1748084",,"HONDA","OTHER (EXPLAIN IN NARRATIVE)","IL","2014","UNKNOWN","SPORT UTILITY VEHICLE (SUV)","PERSONAL","N","STRAIGHT AHEAD",,,"1",,,,,,,,,,,,,,,,,"Y","UNKNOWN",,,,,,,,,,,,,,,,,,,,,,,,,,,,,,,,,
"1835114","05c60e0d6063f03bf5d2d807aeb784c58e6fe0f184f34966c4a1fd694a785a63074a80e547cc28f6659ba81f3d605b98fc3995457807bf49d69c2e2fc3ee49f7","2024-06-04T10:00:00.000","2","DRIVER",,"1748064",,"FORD","OTHER (EXPLAIN IN NARRATIVE)","IL","2020","UNKNOWN","BUS UP TO 15 PASS.","UNKNOWN/NA","N","SLOW/STOP IN TRAFFIC",,,"1",,,,,,,,,,"Y",,,,,,,,"REAR",,,,,,,,,,,,,,,,,,,,,,,,,,,,,,,,,
"1834983","755aaf77415b5602abeafc7c421719add2ca4e84bb6317307b58ad238990da20eb66c61239e2d838009c096a3248d9e23bcf0abe66197dff29595bf88ca63496","2024-06-04T10:00:00.000","1","DRIVER",,"1747933",,"LEXUS","RX330","IL","2005","UNKNOWN","PASSENGER","PERSONAL","E","PASSING/OVERTAKING",,,"1",,,,,,,,,,,,,,,,,"Y","FRONT-RIGHT-CORNER",,,,,,,,,,,,,,,,,,,,,,,,,,,,,,,,,
"1834984","755aaf77415b5602abeafc7c421719add2ca4e84bb6317307b58ad238990da20eb66c61239e2d838009c096a3248d9e23bcf0abe66197dff29595bf88ca63496","2024-06-04T10:00:00.000","2","PARKED",,"1747935","N","NEW FLYER","OTHER (EXPLAIN IN NARRATIVE)","IL","2012","NONE","BUS OVER 15 PASS.","CTA","E","PARKED",,,"0",,,,,,,,,,,,,,,,,,"OTHER",,,,,,,,,,,,,,,,,,,,,,,,,,,,,,,,,
"1834358","4a759ae0b21d064d4d51daf9c6067d7eda5047ba60f0ce1739c90488cfa4ce4eec6da186ea222929f8a3d0ae0cef97e8ddc1546a418aab4299077344c9dbf4ec","2024-06-04T09:55:00.000","1","DRIVER",,"1747350",,"FORD","TRANSIT","IL","2020","NONE","VAN/MINI-VAN","OTHER","W","BACKING",,,"1",,,,,,,,,,,"Y",,,,,,,"REAR-LEFT-CORNER",,,,,,,,,,,,,,,,,,,,,,,,,,,,,,,,,
"1834359","4a759ae0b21d064d4d51daf9c6067d7eda5047ba60f0ce1739c90488cfa4ce4eec6da186ea222929f8a3d0ae0cef97e8ddc1546a418aab4299077344c9dbf4ec","2024-06-04T09:55:00.000","2","PARKED",,"1747352",,"CHEVROLET","IMPALA","IL","2012","UNKNOWN","PASSENGER","NOT IN USE","E","PARKED",,,"0",,,,,"Y",,,,,,,,,,,,,"FRONT-RIGHT-CORNER",,,,,,,,,,,,,,,,,,,,,,,,,,,,,,,,,
"1834364","8777b47c35837317a1fd4e8c5c8df98811b261439c536baeb3134b0184292605d14fa83c9f80e07b61937347a49b52883daba3e6d5cf39a53338dccb086a3f0f","2024-06-04T09:55:00.000","1","DRIVER","1","1747360",,"TOYOTA","COROLLA","IL","2015","UNKNOWN","PASSENGER","PERSONAL","S","LEAVING TRAFFIC LANE TO PARK",,,"2",,,,,,,,,,,,,,,,"Y",,"FRONT",,,,,,,,,,,,,,,,,,,,,,,,,,,,,,,,,
"1834365","8777b47c35837317a1fd4e8c5c8df98811b261439c536baeb3134b0184292605d14fa83c9f80e07b61937347a49b52883daba3e6d5cf39a53338dccb086a3f0f","2024-06-04T09:55:00.000","2","PARKED",,"1747369",,"GENERAL MOTORS CORPORATION (GMC)","YUKON","IL","2023","UNKNOWN","SPORT UTILITY VEHICLE (SUV)","PERSONAL","S","PARKED",,,"0",,,,,,,,,,"Y",,,,,,,,"REAR",,,,,,,,,,,,,,,,,,,,,,,,,,,,,,,,,
"1834559","6d1f896e5a8f49be788e8f1c2010de7aa1d8838553a7c6b7e5d8c45d4a72419d5ce54ce71bc9006964e14ac9d838e65bf11424b05fcaca10c6a45b10ef4b4a1b","2024-06-04T09:53:00.000","1","DRIVER",,"1747539",,"NISSAN","SENTRA","IL","2022","NONE","PASSENGER","PERSONAL","N","STRAIGHT AHEAD",,,"1",,,,,,,,,,"Y",,,,,,,,"REAR",,,,,,,,,,,,,,,,,,,,,,,,,,,,,,,,,
"1834560","6d1f896e5a8f49be788e8f1c2010de7aa1d8838553a7c6b7e5d8c45d4a72419d5ce54ce71bc9006964e14ac9d838e65bf11424b05fcaca10c6a45b10ef4b4a1b","2024-06-04T09:53:00.000","2","DRIVER",,"1747546",,"JEEP","LAREDO","IL","2018","UNKNOWN","SPORT UTILITY VEHICLE (SUV)","PERSONAL","N","U-TURN",,,"1",,,,,,,,,,"Y",,,,,,,,"REAR",,,,,,,,,,,,,,,,,,,,,,,,,,,,,,,,,
"1834419","be3744b26c5db3b87ced3e39998e220298f8283accce59015839c61937206440f3856dcceb1ac80f8c56c26d8c26bb79ac13dd4ebb2358a057b63c2408a7cd0c","2024-06-04T09:53:00.000","1","DRIVER",,"1748030",,"NEW FLYER","DE60LFR","IL","2007","NONE","BUS OVER 15 PASS.","CTA","N","TURNING RIGHT",,,"1",,,,,,,,,,,,,,,,,,"SIDE-LEFT",,,,,,,,,,,,,,,,,,,,,,,,,,,,,,,,,
"1835101","be3744b26c5db3b87ced3e39998e220298f8283accce59015839c61937206440f3856dcceb1ac80f8c56c26d8c26bb79ac13dd4ebb2358a057b63c2408a7cd0c","2024-06-04T09:53:00.000","2","PEDESTRIAN",,,,,,,,,,,,,,,,,,,,,,,,,,,,,,,,,,,,,,,,,,,,,,,,,,,,,,,,,,,,,,,,,,
"1834393","9997577428155d1bd483eafb415dc4dd1af74d63709428daa0562ecd2ce903e42b0dfc0bfa4759bc30e03cb618412d3406eb9e1f57063348e1a7ef48de111140","2024-06-04T09:50:00.000","1","DRIVER",,"1747379",,"HYUNDAI","SANTA FE","IL","2022","NONE","PASSENGER","NOT IN USE","N","BACKING",,,"1",,,,,,,,,,"Y",,,,,,,,"REAR",,,,,,,,,,,,,,,,,,,,,,,,,,,,,,,,,
"1834394","9997577428155d1bd483eafb415dc4dd1af74d63709428daa0562ecd2ce903e42b0dfc0bfa4759bc30e03cb618412d3406eb9e1f57063348e1a7ef48de111140","2024-06-04T09:50:00.000","2","DRIVER",,"1747391",,"NISSAN","ALTIMA","IL","2018","NONE","PASSENGER","PERSONAL","S","STRAIGHT AHEAD",,,"1",,,,,"Y",,,,,,,,,,,,,"FRONT-RIGHT-CORNER",,,,,,,,,,,,,,,,,,,,,,,,,,,,,,,,,
"1834362","e71b84954d8cb593bdd7a40ce7bfb958de2318c1a8b8474cab38cbc38cab8b2710f1bd7bc3679a3e131efd901be3cd32528991b53925f9c70499aba063afa1b0","2024-06-04T09:48:00.000","1","DRIVER",,"1747370",,"MACK TRAILER MANUFACTURING COMPANY, INC. (DETRIOT, MI)","MACK TRAILER MFG. CO., INC., DETRIOT, MI","IL",,"UNKNOWN","SINGLE UNIT TRUCK WITH TRAILER","COMMERCIAL - SINGLE UNIT","UNKNOWN","BACKING",,,"1",,,,,,,,,,"Y",,,,,,,,"REAR",,,,,,,,,,,,,,,,,,,,,,,,,,,,,,,,,
"1834363","e71b84954d8cb593bdd7a40ce7bfb958de2318c1a8b8474cab38cbc38cab8b2710f1bd7bc3679a3e131efd901be3cd32528991b53925f9c70499aba063afa1b0","2024-06-04T09:48:00.000","2","PARKED",,"1747382",,"ACURA","CL","IL","2019","UNKNOWN","PASSENGER","UNKNOWN/NA","E","PARKED",,,"0",,,,,,,,,,,"Y",,,,,,,"REAR-LEFT-CORNER",,,,,,,,,,,,,,,,,,,,,,,,,,,,,,,,,
"1834996","406d2c48c00a4909374aa69b75e06e9cccf9561b2975c95dec1cbdceb6fa3c1f2a70f1775e32c1f63d3b71051726b8c5e6f8073a7bb726e603edf958c921144a","2024-06-04T09:45:00.000","1","DRIVER",,"1747947",,"CHEVROLET","OTHER (EXPLAIN IN NARRATIVE)","IL","2023","NONE","PASSENGER","PERSONAL","E","STRAIGHT AHEAD",,,"1",,,,,"Y","Y","Y",,,,,,,,,,,"SIDE-RIGHT",,,,,,,,,,,,,,,,,,,,,,,,,,,,,,,,,
"1834997","406d2c48c00a4909374aa69b75e06e9cccf9561b2975c95dec1cbdceb6fa3c1f2a70f1775e32c1f63d3b71051726b8c5e6f8073a7bb726e603edf958c921144a","2024-06-04T09:45:00.000","2","PARKED",,"1747944",,"FORD","OTHER (EXPLAIN IN NARRATIVE)","IL","2020","NONE","VAN/MINI-VAN","OTHER","E","PARKED",,,"0",,,,,,,,,,,,,,"Y",,,,"SIDE-LEFT",,,,,,,,,,,,,,,,,,,,,,,,,,,,,,,,,
"1834371","f3cc5f65e127da2a849d20b40ae4a091616ba2313f51b8178f2496dd4bfe3410d92efa4c438bbdff6e363ef1f976858b6959999f50b7ee18ffcaadcd5f666847","2024-06-04T09:45:00.000","1","DRIVER",,"1747354",,"GENESIS","G70","IL","2023","UNKNOWN","PASSENGER","UNKNOWN/NA","W","STRAIGHT AHEAD",,,"1",,,,,,,,,,,,,,,,"N","Y","FRONT",,,,,,,,,,,,,,,,,,,,,,,,,,,,,,,,,
"1834372","f3cc5f65e127da2a849d20b40ae4a091616ba2313f51b8178f2496dd4bfe3410d92efa4c438bbdff6e363ef1f976858b6959999f50b7ee18ffcaadcd5f666847","2024-06-04T09:45:00.000","2","DRIVER",,"1747365",,"TOYOTA","CAMRY","IL","2009","NONE","PASSENGER","PERSONAL","S","TURNING RIGHT",,,"1",,,,,,,,,,,,,,,"Y","Y",,"FRONT-LEFT-CORNER",,,,,,,,,,,,,,,,,,,,,,,,,,,,,,,,,
"1834385","281a29c42823fbb02154a77a8f2b26df04fc9295d102f54d08f606f322167425d93b68f3e54deea225bbf87d50998513a2a347e51c29c6626b095d80ad207302","2024-06-04T09:35:00.000","1","DRIVER",,"1747366",,"BUICK","LACROSSE","IL","2013","NONE","PASSENGER","PERSONAL","W","TURNING LEFT",,,"1",,,,,,"Y",,,,,,,,,,,,"SIDE-RIGHT-FRONT",,,,,,,,,,,,,,,,,,,,,,,,,,,,,,,,,
"1834386","281a29c42823fbb02154a77a8f2b26df04fc9295d102f54d08f606f322167425d93b68f3e54deea225bbf87d50998513a2a347e51c29c6626b095d80ad207302","2024-06-04T09:35:00.000","2","DRIVER",,"1747386",,"NEW FLYER","OTHER (EXPLAIN IN NARRATIVE)","IL","2008","NONE","BUS OVER 15 PASS.","CTA","W","TURNING LEFT",,,"1",,,,,,,,,,,,,"Y",,,,,"SIDE-LEFT",,,,,,,,,,,,,,,,,,,,,,,,,,,,,,,,,
"1835408","704bd775458d4c3b9b1197326ee8f0ea0a26eaf26440c12558dfd0d04487cfa71399eb4620c92e7c5b716e8784c16779c69227095a5220cf2c4de96ca573bd1d","2024-06-04T09:30:00.000","1","DRIVER",,"1748351",,"UNKNOWN","OTHER (EXPLAIN IN NARRATIVE)",,"9999","UNKNOWN","UNKNOWN/NA","UNKNOWN/NA","W","BACKING",,,"1",,,,,,,,,,,,,,,,,"Y","REAR",,,,,,,,,,,,,,,,,,,,,,,,,,,,,,,,,
"1835409","704bd775458d4c3b9b1197326ee8f0ea0a26eaf26440c12558dfd0d04487cfa71399eb4620c92e7c5b716e8784c16779c69227095a5220cf2c4de96ca573bd1d","2024-06-04T09:30:00.000","2","PARKED",,"1748341",,"FORD","TRANSIT","IL","2018","UNKNOWN","VAN/MINI-VAN","PERSONAL","E","PARKED",,,"0",,,,,,,,,,,,,,,,"Y",,"FRONT",,,,,,,,,,,,,,,,,,,,,,,,,,,,,,,,,
"1834369","b1557ab96c4bba36398015900eb63ec9cb10bb74ef98c3cbd39f348c1b31b2aac729ba6d3dc26c3b57fa9de11d6603841f01965f776bb5d3d2ac19b3936fda68","2024-06-04T09:25:00.000","1","DRIVER",,"1747355",,"TOYOTA","RAV4","IL","2011","NONE","PASSENGER","PERSONAL","W","STRAIGHT AHEAD",,,"1",,,,,"Y",,,,,,,,,,"Y",,,"FRONT",,,,,,,,,,,,,,,,,,,,,,,,,,,,,,,,,
"1834370","b1557ab96c4bba36398015900eb63ec9cb10bb74ef98c3cbd39f348c1b31b2aac729ba6d3dc26c3b57fa9de11d6603841f01965f776bb5d3d2ac19b3936fda68","2024-06-04T09:25:00.000","2","DRIVER","1","1747368",,"FORD","ECONOLINE E350","IL","2013","NONE","VAN/MINI-VAN","OTHER","W","STRAIGHT AHEAD",,,"2",,,,,,,,,"Y","Y","Y",,,,,,,"REAR",,,,,,,,,,,,,,,,,,,,,,,,,,,,,,,,,
"1834479","bd89684f518fc0fcf18823ac26d1365583f46c91ce5652ddeaa5464c13d213a8b247dcb98b4a17ac8455453c6af8934b69b56622cb4fe3e117bfc5fbdb99fc0f","2024-06-04T09:25:00.000","1","DRIVER",,"1747482",,"LINCOLN","OTHER (EXPLAIN IN NARRATIVE)","IL","2017","UNKNOWN","PASSENGER","UNKNOWN/NA","N","STRAIGHT AHEAD",,,"1",,,,,"Y",,,,,,,,,,,"Y",,"FRONT-RIGHT-CORNER",,,,,,,,,,,,,,,,,,,,,,,,,,,,,,,,,
"1834480","bd89684f518fc0fcf18823ac26d1365583f46c91ce5652ddeaa5464c13d213a8b247dcb98b4a17ac8455453c6af8934b69b56622cb4fe3e117bfc5fbdb99fc0f","2024-06-04T09:25:00.000","2","DRIVER","2","1747477",,"FORD","OTHER (EXPLAIN IN NARRATIVE)","IL","2015","NONE","BUS UP TO 15 PASS.","UNKNOWN/NA","W","STRAIGHT AHEAD",,,"3",,,,,,,,,,,,,,,"Y",,,"FRONT-LEFT-CORNER",,,,,,,,,,,,,,,,,,,,,,,,,,,,,,,,,
"1834642","1219093e7c7f7b5f9401e898a2a51e8badd73d9de6625c0686f4366eb39c3b5d1dce2f6fa3be9744ca37ddf6d8c73593fe5f2064c2dae66657543afd63ab2b28","2024-06-04T09:00:00.000","1","DRIVER",,"1747609",,"DODGE","RAM PROMASTER","IL","2021","UNKNOWN","OTHER","OTHER","E","STRAIGHT AHEAD",,,"1",,,,"Y",,,,,,,,,,,,,,"FRONT",,,,,,,,,,,,,,,,,,,,,,,,,,,,,,,,,
"1834643","1219093e7c7f7b5f9401e898a2a51e8badd73d9de6625c0686f4366eb39c3b5d1dce2f6fa3be9744ca37ddf6d8c73593fe5f2064c2dae66657543afd63ab2b28","2024-06-04T09:00:00.000","2","DRIVER",,"1747612",,"FORD","BRONCO / BRONCO II","IL","2021","UNKNOWN","PASSENGER","PERSONAL","E","STRAIGHT AHEAD",,,"1",,,,"Y",,,,,,,,,,,,,,"REAR",,,,,,,,,,,,,,,,,,,,,,,,,,,,,,,,,
"1834395","6a223785e5eeef1e01a3fba05fbbb1c71cfce237ffdff00be1f23386391993d8c648b65ee23c30cf55dcff7bc4cb427dca7dbd1bdff076222ad4dec323a0e3e8","2024-06-04T09:00:00.000","1","DRIVER",,"1747371",,"UNKNOWN","MOTORIZED","XX",,"UNKNOWN","UNKNOWN/NA","UNKNOWN/NA","UNKNOWN","UNKNOWN/NA",,,"1",,,,,,,,,,,,,,,,,"Y","UNKNOWN",,,,,,,,,,,,,,,,,,,,,,,,,,,,,,,,,
"1834396","6a223785e5eeef1e01a3fba05fbbb1c71cfce237ffdff00be1f23386391993d8c648b65ee23c30cf55dcff7bc4cb427dca7dbd1bdff076222ad4dec323a0e3e8","2024-06-04T09:00:00.000","2","PARKED",,"1747381",,"MITSUBISHI","ECLIPSE","FL","2020","UNKNOWN","PASSENGER","PERSONAL","UNKNOWN","PARKED",,,"0",,,,,,,,,"Y",,,,,,,,,"REAR",,,,,,,,,,,,,,,,,,,,,,,,,,,,,,,,,
"1834383","71888ac654720c6187d8a9e30a02280de3dd24ce02b239ca8290602b7424da3f25a636b500dc54104ce9574eb91dfdf60c4547f230f91d7a7e0a4036549e6d67","2024-06-04T09:00:00.000","1","DRIVER",,"1747359",,"UNKNOWN","OTHER (EXPLAIN IN NARRATIVE)",,,"UNKNOWN","PASSENGER","PERSONAL","S","STRAIGHT AHEAD",,,"1",,,,,,,,,,,,,,,,,,"UNKNOWN",,,,,,,,,,,,,,,,,,,,,,,,,,,,,,,,,
"1834384","71888ac654720c6187d8a9e30a02280de3dd24ce02b239ca8290602b7424da3f25a636b500dc54104ce9574eb91dfdf60c4547f230f91d7a7e0a4036549e6d67","2024-06-04T09:00:00.000","2","PARKED",,"1747364",,"HONDA","ACCORD","IL","2023","NONE","PASSENGER","PERSONAL","UNKNOWN","PARKED",,,"0",,,,,"Y","Y","Y","Y","Y",,,,,,,,,"SIDE-RIGHT",,,,,,,,,,,,,,,,,,,,,,,,,,,,,,,,,
"1834415","d93f5d56942441a7b678fdb1822ef47016e97f4e7798f1cb3d667c2189f2a1863109120f78a0d9d27dba341280a1dbbec77f792744cad018932925690c9f0cc3","2024-06-04T09:00:00.000","1","DRIVER",,"1747388",,"UNKNOWN","OTHER (EXPLAIN IN NARRATIVE)",,,"UNKNOWN","UNKNOWN/NA","UNKNOWN/NA","UNKNOWN","UNKNOWN/NA",,,"1",,,,,,,,,,,,,,,,,,"UNKNOWN",,,,,,,,,,,,,,,,,,,,,,,,,,,,,,,,,
"1834416","d93f5d56942441a7b678fdb1822ef47016e97f4e7798f1cb3d667c2189f2a1863109120f78a0d9d27dba341280a1dbbec77f792744cad018932925690c9f0cc3","2024-06-04T09:00:00.000","2","PARKED",,"1747395",,"GENESIS","G80","IL","2019","UNKNOWN","PASSENGER","NOT IN USE","UNKNOWN","PARKED",,,"0",,,,,"Y",,,,,,,,,"Y","Y","Y",,"SIDE-LEFT-FRONT",,,,,,,,,,,,,,,,,,,,,,,,,,,,,,,,,
"1834413","c7eec7f553a3e3338fec479ff0de15c458c5b37f627d8dde07b12d87f8ddb1fcfc478601bf93c634b0ef477403b056b145eac8a938bb992842f93aae378fa816","2024-06-04T08:59:00.000","1","DRIVER","5","1747399",,"THOMAS & COMPANY","THOMAS & CO.","IL","2019","UNKNOWN","BUS OVER 15 PASS.","SCHOOL BUS","N","STRAIGHT AHEAD",,,"6",,,,,,"Y",,,,,,,,,,,,"SIDE-RIGHT-FRONT",,,,,,,,,,,,,,,,,,,,,,,,,,,,,,,,,