"crash_unit_id","crash_record_id","crash_date","unit_no","unit_type","num_passengers","vehicle_id","cmrc_veh_i","make","model","lic_plate_state","vehicle_year","vehicle_defect","vehicle_type","vehicle_use","travel_direction","maneuver","towed_i","fire_i","occupant_cnt","exceed_speed_limit_i","towed_by","towed_to","area_00_i","area_01_i","area_02_i","area_03_i","area_04_i","area_05_i","area_06_i","area_07_i","area_08_i","area_09_i","area_10_i","area_11_i","area_12_i","area_99_i","first_contact_point","cmv_id","usdot_no","ccmc_no","ilcc_no","commercial_src","gvwr","carrier_name","carrier_state","carrier_city","hazmat_placards_i","hazmat_name","un_no","hazmat_present_i","hazmat_report_i","hazmat_report_no","mcs_report_i","mcs_report_no","hazmat_vio_cause_crash_i","mcs_vio_cause_crash_i","idot_permit_no","wide_load_i","trailer1_width","trailer2_width","trailer1_length","trailer2_length","total_vehicle_length","axle_cnt","vehicle_config","cargo_body_type","load_type","hazmat_out_of_service_i","mcs_out_of_service_i","hazmat_class"
"1834414","c7eec7f553a3e3338fec479ff0de15c458c5b37f627d8dde07b12d87f8ddb1fcfc478601bf93c634b0ef477403b056b145eac8a938bb992842f93aae378fa816","2024-06-04T08:59:00.000","2","PARKED",,"1747410",,"PETERBILT MOTORS COMPANY (DIVISION OF PACCAR, INC.)","PETERBILT MOTORS CO., DIVISION PACCAR, INC.","IL","2017","UNKNOWN","TRUCK - SINGLE UNIT","COMMERCIAL - SINGLE UNIT","S","PARKED",,,"0",,,,,,,"Y",,,,,,,,,,,"SIDE-RIGHT",,,,,,,,,,,,,,,,,,,,,,,,,,,,,,,,,
"1835218","9fa158842543b0dda1d9829251b21d2fbd0a34d3ccc57366061414ad6ef14d1c8dd04bf506d1a7b8b463b69c7866944c2d6dbba4e5a7a30d7b04204e5a3b0002","2024-06-04T08:50:00.000","1","DRIVER",,"1748159",,"JEEP","GRAND CHEROKEE","IL","2015","NONE","SPORT UTILITY VEHICLE (SUV)","PERSONAL","N","TURNING RIGHT",,,"1",,,,,,"Y","Y",,,,,,,,,,,"SIDE-RIGHT",,,,,,,,,,,,,,,,,,,,,,,,,,,,,,,,,
"1835219","9fa158842543b0dda1d9829251b21d2fbd0a34d3ccc57366061414ad6ef14d1c8dd04bf506d1a7b8b463b69c7866944c2d6dbba4e5a7a30d7b04204e5a3b0002","2024-06-04T08:50:00.000","2","BICYCLE",,,,,,,,,,,,,,,,,,,,,,,,,,,,,,,,,,,,,,,,,,,,,,,,,,,,,,,,,,,,,,,,,,
"1834534","416f9cda6cdbec4ee3e4ce5cbc774ce9c13ccc0e9a5c6d65857d6730e82649e297def983f2f655e3dc273d0600de91040a15d04711e5a3297787293b5fbbf6ae","2024-06-04T08:47:00.000","1","DRIVER",,"1747519",,"UNKNOWN","OTHER (EXPLAIN IN NARRATIVE)",,"2022","UNKNOWN","TRUCK - SINGLE UNIT","FIRE","N","STRAIGHT AHEAD",,,"1",,,,,,"Y","Y","Y",,,,,,,,,,"SIDE-RIGHT",,,,,,,,,,,,,,,,,,,,,,,,,,,,,,,,,
"1834535","416f9cda6cdbec4ee3e4ce5cbc774ce9c13ccc0e9a5c6d65857d6730e82649e297def983f2f655e3dc273d0600de91040a15d04711e5a3297787293b5fbbf6ae","2024-06-04T08:47:00.000","2","PARKED",,"1747522",,"UNKNOWN","OTHER (EXPLAIN IN NARRATIVE)","TN","2022","UNKNOWN","OTHER","NOT IN USE","S","PARKED",,,"0",,,,,,"Y","Y",,,,,,,,,,,"SIDE-RIGHT",,,,,,,,,,,,,,,,,,,,,,,,,,,,,,,,,
"1834971","09f18dd1df57be6fff5127484e108dcdd3997abc49b70c3c399943c4df258d564345f3ebf9a25f97fe3d94741da8fd447631b9a3eecab7dabd4ba9f14b255546","2024-06-04T08:45:00.000","1","DRIVER",,"1747923",,"KIA","OTHER (EXPLAIN IN NARRATIVE)","IL","2013","NONE","SPORT UTILITY VEHICLE (SUV)","PERSONAL","W","STRAIGHT AHEAD",,,"1",,,,,"Y",,,,,,,,,,,,,"FRONT",,,,,,,,,,,,,,,,,,,,,,,,,,,,,,,,,
"1834972","09f18dd1df57be6fff5127484e108dcdd3997abc49b70c3c399943c4df258d564345f3ebf9a25f97fe3d94741da8fd447631b9a3eecab7dabd4ba9f14b255546","2024-06-04T08:45:00.000","2","DRIVER",,"1747926",,"NISSAN","OTHER (EXPLAIN IN NARRATIVE)","IL","2021","NONE","PASSENGER","PERSONAL","S","STRAIGHT AHEAD",,,"1",,,,,,,,,,,"Y","Y",,,,,,"SIDE-LEFT-REAR",,,,,,,,,,,,,,,,,,,,,,,,,,,,,,,,,
"1834679","47a1c3cf311a576419aa6817266b87d746d29a0dbfede1d7caefdf8fea88e163554b54a7649c672a330fa8dd494738e171651af33beab36f8874159269da9369","2024-06-04T08:45:00.000","1","DRIVER",,"1747641",,"UNKNOWN","OTHER (EXPLAIN IN NARRATIVE)","IL",,"UNKNOWN","UNKNOWN/NA","UNKNOWN/NA","UNKNOWN","UNKNOWN/NA",,,"1",,,,,,,,,,,,,,,,,"Y","UNKNOWN",,,,,,,,,,,,,,,,,,,,,,,,,,,,,,,,,
"1834680","47a1c3cf311a576419aa6817266b87d746d29a0dbfede1d7caefdf8fea88e163554b54a7649c672a330fa8dd494738e171651af33beab36f8874159269da9369","2024-06-04T08:45:00.000","2","PARKED",,"1747644",,"JEEP","COMPASS","IL","2022","NONE","SPORT UTILITY VEHICLE (SUV)","PERSONAL","W","PARKED",,,"0",,,,,"Y","Y",,,,,,,,"Y","Y",,,"FRONT-LEFT-CORNER",,,,,,,,,,,,,,,,,,,,,,,,,,,,,,,,,
"1834378","35d17e531200f73bd4f03936ccbed97ef6b0fe146099138d539df95a058766c2b6015ce5b7d059e22b98c68b637e94fbc9c7c098ec6116a25fab1e52eb289281","2024-06-04T08:40:00.000","1","DRIVER",,"1747362",,"NEW FLYER","OTHER (EXPLAIN IN NARRATIVE)","IL",,"UNKNOWN","BUS OVER 15 PASS.","CTA","N","STRAIGHT AHEAD",,,"1",,,,,,,,,,,,,,,,,"Y","SIDE-RIGHT-FRONT",,,,,,,,,,,,,,,,,,,,,,,,,,,,,,,,,
"1834379","35d17e531200f73bd4f03936ccbed97ef6b0fe146099138d539df95a058766c2b6015ce5b7d059e22b98c68b637e94fbc9c7c098ec6116a25fab1e52eb289281","2024-06-04T08:40:00.000","2","PARKED",,"1747367",,"BUICK","ENCLAVE","IL","2013","UNKNOWN","PASSENGER","PERSONAL","N","PARKED",,,"0",,,,,,,,,,,,,,"Y",,,,"SIDE-LEFT",,,,,,,,,,,,,,,,,,,,,,,,,,,,,,,,,
"1834380","35d17e531200f73bd4f03936ccbed97ef6b0fe146099138d539df95a058766c2b6015ce5b7d059e22b98c68b637e94fbc9c7c098ec6116a25fab1e52eb289281","2024-06-04T08:40:00.000","3","PARKED",,"1747372",,"VOLKSWAGEN","TIGUAN","IL","2020","NONE","PASSENGER","PERSONAL","N","PARKED",,,"0",,,,,,,,,,,,,,"Y",,,,"SIDE-LEFT",,,,,,,,,,,,,,,,,,,,,,,,,,,,,,,,,
"1834374","5cb0b6e5106fb7eb785381a2ae35ee337bf0d504f7c088dd6e65535169997ea6fe2ace132922926afe88737fce310584bbf87f9a5e54cd1c1bdda654639e15a8","2024-06-04T08:40:00.000","1","DRIVER",,"1747383",,"BMW","OTHER (EXPLAIN IN NARRATIVE)","IL","2010","UNKNOWN","PASSENGER","PERSONAL","E","STRAIGHT AHEAD",,,"1",,,,,"Y",,,,,,,,,,"Y","Y",,"FRONT",,,,,,,,,,,,,,,,,,,,,,,,,,,,,,,,,
"1834375","5cb0b6e5106fb7eb785381a2ae35ee337bf0d504f7c088dd6e65535169997ea6fe2ace132922926afe88737fce310584bbf87f9a5e54cd1c1bdda654639e15a8","2024-06-04T08:40:00.000","2","DRIVER","2","1747363","Y","FORD","OTHER (EXPLAIN IN NARRATIVE)","IL",,"NONE","BUS UP TO 15 PASS.","COMMERCIAL - MULTI-UNIT","E","STRAIGHT AHEAD",,,"3",,,,,,,,,"Y","Y","Y",,,,,,,"REAR","19378",,,,,,"COOK DUPAGE TRANSPORTATION COMPANY INC.","IL","LISLE",,,,"N","N",,"N",,"N","N",,,,,,,,,,,,"N","N",
"1834431","81691146522224657c92a06372a8a807570216d75263926bdf6d7110344fdbaa97ad046332ff0abbec5f084acd13d3b42af21833ed910f07a5adc47c47272f49","2024-06-04T08:30:00.000","1","DRIVER",,"1747422",,"CCC (CRAIN CARRIER)","CCC (CRAIN CARRIER)","IL","2016","NONE","OTHER","OTHER","W","STRAIGHT AHEAD",,,"1",,,,"Y",,,,,,,,,,,"N",,,"FRONT-LEFT-CORNER",,,,,,,,,,,,,,,,,,,,,,,,,,,,,,,,,
"1834432","81691146522224657c92a06372a8a807570216d75263926bdf6d7110344fdbaa97ad046332ff0abbec5f084acd13d3b42af21833ed910f07a5adc47c47272f49","2024-06-04T08:30:00.000","2","DRIVERLESS",,"1747430",,"MAZDA","MAZDA3","IL","2013","NONE","PASSENGER","NOT IN USE","E","PARKED",,,"0",,,,,,,,,,,"Y","Y",,,,,,"SIDE-LEFT-REAR",,,,,,,,,,,,,,,,,,,,,,,,,,,,,,,,,
"1834341","83aef177c32a08988c57abe9e7a7048204c33bbf8da099f1cf46f383fd6ddfbdb3b75564a863de0f11e24cb0d80fcd5162900f54262b29e7ca28221437aea030","2024-06-04T08:30:00.000","1","DRIVER",,"1747338",,"VOLKSWAGEN","TIGUAN","IL","2013","UNKNOWN","SPORT UTILITY VEHICLE (SUV)","UNKNOWN/NA","S","STRAIGHT AHEAD",,,"1",,,,,,,,,,,,,,,,,"Y","FRONT",,,,,,,,,,,,,,,,,,,,,,,,,,,,,,,,,
"1834342","83aef177c32a08988c57abe9e7a7048204c33bbf8da099f1cf46f383fd6ddfbdb3b75564a863de0f11e24cb0d80fcd5162900f54262b29e7ca28221437aea030","2024-06-04T08:30:00.000","2","DRIVER",,"1747341",,"TOYOTA","VENZA","IL","2021","UNKNOWN","SPORT UTILITY VEHICLE (SUV)","UNKNOWN/NA","S","SLOW/STOP IN TRAFFIC",,,"1",,,,,,,,,,,,,,,,,"Y","REAR",,,,,,,,,,,,,,,,,,,,,,,,,,,,,,,,,
"1834343","83aef177c32a08988c57abe9e7a7048204c33bbf8da099f1cf46f383fd6ddfbdb3b75564a863de0f11e24cb0d80fcd5162900f54262b29e7ca28221437aea030","2024-06-04T08:30:00.000","3","DRIVER","2","1747326",,"FORD","TRANSIT","IL","2018","NONE","VAN/MINI-VAN","OTHER","S","SLOW/STOP IN TRAFFIC",,,"3",,,,,,,,,,"Y",,,,,,,,"REAR",,,,,,,,,,,,,,,,,,,,,,,,,,,,,,,,,
"1834334","b272f15b453aa29a5a67f1067b45dfd60818d693f1df37791ef603b66c572367f33b40f098bcc84eb40ad147ef1be537fcdd97fd441cb6ea6ea965f6504e9591","2024-06-04T08:30:00.000","1","DRIVER",,"1747320",,"TOYOTA","COROLLA","IL","2009","UNKNOWN","PASSENGER","PERSONAL","N","STRAIGHT AHEAD",,,"1",,,,,,,,,,,,,,,,"N","Y","FRONT",,,,,,,,,,,,,,,,,,,,,,,,,,,,,,,,,
"1834335","b272f15b453aa29a5a67f1067b45dfd60818d693f1df37791ef603b66c572367f33b40f098bcc84eb40ad147ef1be537fcdd97fd441cb6ea6ea965f6504e9591","2024-06-04T08:30:00.000","2","DRIVER",,"1747327",,"NISSAN","FRONTIER","IL","2023","UNKNOWN","PICKUP","PERSONAL","N","STRAIGHT AHEAD",,,"1",,,,,,,,,,"Y",,,,,,,,"REAR",,,,,,,,,,,,,,,,,,,,,,,,,,,,,,,,,
"1834482","e3754105acef34bd272cbc33fb220e7e6f280d9804ab2456a33f6e545b27849ab01bf17b24f75d03a746ee06237b405dbc909bdc72d232257f0b8f0ca7d7f7a8","2024-06-04T08:30:00.000","1","DRIVER",,"1747458",,"MERCEDES-BENZ","OTHER (EXPLAIN IN NARRATIVE)","IL","2015","NONE","PASSENGER","PERSONAL","NW","BACKING",,,"1",,,,,,,,,,"N","Y",,,,,,,"REAR-LEFT-CORNER",,,,,,,,,,,,,,,,,,,,,,,,,,,,,,,,,
"1834483","e3754105acef34bd272cbc33fb220e7e6f280d9804ab2456a33f6e545b27849ab01bf17b24f75d03a746ee06237b405dbc909bdc72d232257f0b8f0ca7d7f7a8","2024-06-04T08:30:00.000","2","DRIVER","1","1747467",,"VOLVO","XC90","IL","2023","NONE","SPORT UTILITY VEHICLE (SUV)","PERSONAL","E","STRAIGHT AHEAD",,,"2",,,,,,,"Y","Y",,,,,,,,,,"SIDE-RIGHT",,,,,,,,,,,,,,,,,,,,,,,,,,,,,,,,,
"1834391","dd6b537e139be6157eedf89c3cae4fc9d01ba47d1a3d550cd0c5cae9f0f63f79696044ba83491ecbcb8dfb9a40f216f3773e8e666adb4d0bcd65cc62bcc2263c","2024-06-04T08:24:00.000","1","DRIVER","5","1747380",,"TOYOTA","PRIUS","IL","2010","NONE","PASSENGER","TAXI/FOR HIRE","N","STRAIGHT AHEAD","Y",,"5",,"PRIVATE","UNKNOWN",,"Y","Y","Y","Y","Y",,,,,,,,,"SIDE-RIGHT",,,,,,,,,,,,,,,,,,,,,,,,,,,,,,,,,
"1834392","dd6b537e139be6157eedf89c3cae4fc9d01ba47d1a3d550cd0c5cae9f0f63f79696044ba83491ecbcb8dfb9a40f216f3773e8e666adb4d0bcd65cc62bcc2263c","2024-06-04T08:24:00.000","2","DRIVER","1","1747425",,"FORD","ESCAPE","IL","2014","NONE","PASSENGER","PERSONAL","W","STRAIGHT AHEAD","Y",,"1",,"PRIVATE","UNKNOWN",,"Y",,,,,,,,,,"Y","Y",,"FRONT",,,,,,,,,,,,,,,,,,,,,,,,,,,,,,,,,
"1834424","994bc334cb897bfb8b0b10c801683d5ab46fdff0534f205418e034010a30ffc039651678ac69f1f38dab30838bf41f2de8f651e2e566189e85001e57e7d7179d","2024-06-04T08:22:00.000","1","DRIVER",,"1747418","Y","FREIGHTLINER CORPORATION","FREIGHTLINER CORP.",,,"NONE","TRACTOR W/O SEMI-TRAILER","COMMERCIAL - SINGLE UNIT","S","STRAIGHT AHEAD",,,"1",,,,"Y",,,,,,,,,,,,,,"SIDE-RIGHT-REAR","19380",,,,"DRIVER",,"US XPRESS LEASING INC","OK","OKLAHOMA CITY",,,,"N","N",,"N",,"N","N",,,,,,,,,,,,"N","N",
"1834425","994bc334cb897bfb8b0b10c801683d5ab46fdff0534f205418e034010a30ffc039651678ac69f1f38dab30838bf41f2de8f651e2e566189e85001e57e7d7179d","2024-06-04T08:22:00.000","2","DRIVER",,"1747433","Y","NEW FLYER","OTHER (EXPLAIN IN NARRATIVE)",,"2020","NONE","BUS OVER 15 PASS.","COMMERCIAL - SINGLE UNIT","S","STRAIGHT AHEAD",,,"1",,,,"Y",,,,,,,,,,,,,,"SIDE-LEFT","19381",,,,,,"PACE THE SUBURBAN BUS DIVISION","IL","ARLINGTON HEIGHTS",,,,"N","N",,"N",,"N","N",,,,,,,,,,,,"N","N",
"1835398","4244fd080db7137da6d45ca7ff793d74810535226baebc43eeb5fc805d61028c4e8c862802aff7a04216fa7e2e5420b702a78395936b32c635a82265c61a7250","2024-06-04T08:20:00.000","1","DRIVER",,"1748337",,"CADILLAC","XTS","IL","2017","NONE","PASSENGER","PERSONAL","N","STRAIGHT AHEAD",,,"1",,,,,,,,,,,,,,,,"Y",,"FRONT",,,,,,,,,,,,,,,,,,,,,,,,,,,,,,,,,
"1835399","4244fd080db7137da6d45ca7ff793d74810535226baebc43eeb5fc805d61028c4e8c862802aff7a04216fa7e2e5420b702a78395936b32c635a82265c61a7250","2024-06-04T08:20:00.000","2","DRIVER",,"1748332",,"HONDA","ODYSSEY","IL","2014","NONE","VAN/MINI-VAN","PERSONAL","N","SLOW/STOP IN TRAFFIC",,,"1",,,,,,,,,,"Y",,,,,,,,"REAR",,,,,,,,,,,,,,,,,,,,,,,,,,,,,,,,,
"1834344","4b53a1f3dc66baa36b0c9726adb3bf435699ddbc14acb9c1ed23628f50e7a2abf69200925bd5866be546e83f873f078041f2c29897feee3649186449d1d8f2da","2024-06-04T08:20:00.000","1","DRIVER",,"1747328",,"GENERAL MOTORS CORPORATION (GMC)","TRUCK","IL","2017","NONE","TRUCK - SINGLE UNIT","OTHER","E","STRAIGHT AHEAD",,,"1",,,,,"Y","Y","Y",,,,,,,,,,,"FRONT-RIGHT-CORNER",,,,,,,,,,,,,,,,,,,,,,,,,,,,,,,,,
"1835005","76c6204e430822cdde2fcdf3d5f16a85a2373d9f565eb3da3affd0f714ca71e95c0a8150850c0f07537ca2f928c31f3c11281465d879a921b2260983b419cb51","2024-06-04T08:20:00.000","1","DRIVER",,"1747954","Y","VOLVO","TRUCK","IL","2024","NONE","TRACTOR W/ SEMI-TRAILER","COMMERCIAL - MULTI-UNIT","W","TURNING RIGHT",,,"1",,,,,,,,,"Y",,,,,,,,,"REAR-RIGHT-CORNER","19392","1710817",,,"DRIVER","1","SPIDER LOGISTICS INC.","IL","MARKHAM",,,,"N","N",,"N",,"N","N",,,,,,,,,"TRACTOR/SEMI-TRAILER","OTHER",,"N","N",
"1835006","76c6204e430822cdde2fcdf3d5f16a85a2373d9f565eb3da3affd0f714ca71e95c0a8150850c0f07537ca2f928c31f3c11281465d879a921b2260983b419cb51","2024-06-04T08:20:00.000","2","PARKED","1","1747961",,"FORD","FOCUS","IL","2012","UNKNOWN","PASSENGER","PERSONAL","W","PARKED",,,"1",,,,,,,,,,,,,,,"Y",,,"FRONT-LEFT-CORNER",,,,,,,,,,,,,,,,,,,,,,,,,,,,,,,,,
"1834345","7d40aa290e4e39c53d36010544ebaa9662538cd4d0623a75405bd4cd7027788125baebd5c81175dade3963b0ee17ad7bc35a8c02f1587428eb306c181b5f6cd0","2024-06-04T08:20:00.000","1","DRIVER","1","1747333",,"NISSAN","ROGUE","IL","2011","BRAKES","PASSENGER","PERSONAL","E","TURNING LEFT",,,"2",,,,,,"Y","Y",,,,,,,,,,,"SIDE-RIGHT-FRONT",,,,,,,,,,,,,,,,,,,,,,,,,,,,,,,,,
"1834346","7d40aa290e4e39c53d36010544ebaa9662538cd4d0623a75405bd4cd7027788125baebd5c81175dade3963b0ee17ad7bc35a8c02f1587428eb306c181b5f6cd0","2024-06-04T08:20:00.000","2","DRIVER",,"1747337",,"NISSAN","ROGUE","IL","2019","NONE","PASSENGER","NOT IN USE","E","TURNING LEFT",,,"1",,,,,,,,,,,,,,,"Y",,,"FRONT-RIGHT-CORNER",,,,,,,,,,,,,,,,,,,,,,,,,,,,,,,,,
"1834389","fbd992ab0ea00517a90cb4f378552c09d58cd82fd4a72db8fb91238110cadd70ae7cb44168e710071947bd38d30a848bfca2e12a972dac533e69bfa84c24c105","2024-06-04T08:16:00.000","1","DRIVER",,"1747392",,"FORD","F150","IL","1999","NONE","PASSENGER","PERSONAL","S","STRAIGHT AHEAD",,,"1",,,,,,,,"Y","Y",,,,,,,,,"REAR",,,,,,,,,,,,,,,,,,,,,,,,,,,,,,,,,
"1834390","fbd992ab0ea00517a90cb4f378552c09d58cd82fd4a72db8fb91238110cadd70ae7cb44168e710071947bd38d30a848bfca2e12a972dac533e69bfa84c24c105","2024-06-04T08:16:00.000","2","DRIVER","1","1747414",,"JEEP","COMPASS","IL","2024","NONE","PASSENGER","NOT IN USE","N","STRAIGHT AHEAD",,,"2",,,,,,,,"Y","Y",,,,,,,,,"FRONT-RIGHT-CORNER",,,,,,,,,,,,,,,,,,,,,,,,,,,,,,,,,
"1834321","1528fe83ade553c40e30d839ba879e7d8a0c65fd93bc93f4a0749cbe3e6d5e52ae8a62328a50f44c0f33e7aa2184eed33b75f1d90a7e91cfa2c17458e2a3eb7e","2024-06-04T08:15:00.000","1","DRIVER",,"1747321",,"NISSAN","ALTIMA","IL","2008","UNKNOWN","PASSENGER","PERSONAL","S","STRAIGHT AHEAD",,,"1",,,,,"Y",,,,,,,,,,"Y","Y",,"FRONT",,,,,,,,,,,,,,,,,,,,,,,,,,,,,,,,,
"1834322","1528fe83ade553c40e30d839ba879e7d8a0c65fd93bc93f4a0749cbe3e6d5e52ae8a62328a50f44c0f33e7aa2184eed33b75f1d90a7e91cfa2c17458e2a3eb7e","2024-06-04T08:15:00.000","2","DRIVER","1","1747332",,"TOYOTA","RAV4","IL","2023","UNKNOWN","PASSENGER","PERSONAL","E","STRAIGHT AHEAD",,,"2",,,,,,,,,,"Y","Y","Y",,,,,,"SIDE-LEFT-REAR",,,,,,,,,,,,,,,,,,,,,,,,,,,,,,,,,
"1834468","c0eb8a2d996b2e95fd90894d7cd9706db65cdc2e677f63eb4ce5e965ff1b2cf499a0013326cb6868fd74585236fc99bc6f06926caf0287702e8a6d3a5dc22b09","2024-06-04T08:01:00.000","1","DRIVER",,"1747456",,"CHEVROLET","OTHER (EXPLAIN IN NARRATIVE)","IL","2002","UNKNOWN","PASSENGER","PERSONAL","S","MERGING",,,"1",,,,,,,,,,,,,,,"N",,,"FRONT-LEFT-CORNER",,,,,,,,,,,,,,,,,,,,,,,,,,,,,,,,,
"1834469","c0eb8a2d996b2e95fd90894d7cd9706db65cdc2e677f63eb4ce5e965ff1b2cf499a0013326cb6868fd74585236fc99bc6f06926caf0287702e8a6d3a5dc22b09","2024-06-04T08:01:00.000","2","DRIVER",,"1747469",,"CHRYSLER","200","IL","2012","UNKNOWN","PASSENGER","PERSONAL","S","STRAIGHT AHEAD",,,"1",,,,,,"Y","Y","Y",,,,,,,,,,"FRONT-LEFT-CORNER",,,,,,,,,,,,,,,,,,,,,,,,,,,,,,,,,
"1834912","4d3bd8dd27c126ee5c9ccad4166cce4bfe15239d4efe685221bea4cb5a45d46308e336bd8adf6d80908f2e7dd36fbcc45a273b5bd0b985d841b834fa005b98a0","2024-06-04T08:00:00.000","1","DRIVER",,"1747872",,"HONDA","CIVIC","IL","2022","UNKNOWN","PASSENGER","UNKNOWN/NA","N","STRAIGHT AHEAD",,,"1",,,,,"Y",,,,,,,,,,"Y","Y",,"FRONT",,,,,,,,,,,,,,,,,,,,,,,,,,,,,,,,,
"1834913","4d3bd8dd27c126ee5c9ccad4166cce4bfe15239d4efe685221bea4cb5a45d46308e336bd8adf6d80908f2e7dd36fbcc45a273b5bd0b985d841b834fa005b98a0","2024-06-04T08:00:00.000","2","DRIVER","1","1747869",,"TOYOTA","CAMRY","IL","2017","NONE","PASSENGER","PERSONAL","N","SLOW/STOP IN TRAFFIC",,,"2",,,,,,,,,"Y","Y","Y",,,,,,,"REAR",,,,,,,,,,,,,,,,,,,,,,,,,,,,,,,,,
"1834319","8dea8309085f660b9cbc07fb5d230689e7c5219c7007ed0b8b3a9c914171951d692fcc29368b3d6dce69d36c1f0a5e36eac5c3cc964e61adfa6035d8b2e75eeb","2024-06-04T08:00:00.000","1","DRIVER",,"1747313",,"AUTOCAR","AUTOCAR","IL","2007","OTHER","TRUCK - SINGLE UNIT","OTHER","S","BACKING",,,"1",,,,,,,,,,,"Y",,,,,,,"REAR-LEFT-CORNER",,,,,,,,,,,,,,,,,,,,,,,,,,,,,,,,,
"1834317","b9218fde430287ee87016b6f429a134a37787eb4ba8b7cc04e2bf60fdc1d4deb4b4c30833a3ecdbb92459f6a168a35f91127742576bbce4b5ebb20964a3cc796","2024-06-04T08:00:00.000","1","DRIVER",,"1747308",,"DODGE","OTHER (EXPLAIN IN NARRATIVE)",,,"UNKNOWN","PASSENGER","UNKNOWN/NA","W","PASSING/OVERTAKING",,,"1",,,,,,,,,,,,,,,"Y","Y",,"FRONT-LEFT-CORNER",,,,,,,,,,,,,,,,,,,,,,,,,,,,,,,,,
"1834318","b9218fde430287ee87016b6f429a134a37787eb4ba8b7cc04e2bf60fdc1d4deb4b4c30833a3ecdbb92459f6a168a35f91127742576bbce4b5ebb20964a3cc796","2024-06-04T08:00:00.000","2","DRIVER",,"1747312",,"TESLA","MODEL Y","IL","2020","NONE","PASSENGER","PERSONAL","E","STRAIGHT AHEAD","Y",,"1",,,,,,,,,,,,,,,"Y","Y",,"FRONT-LEFT-CORNER",,,,,,,,,,,,,,,,,,,,,,,,,,,,,,,,,
"1834309","d84224bd70dcdf03d87672fd64bf4333d7988ee05140615395bf476358d05e3e0a9906881e0b95d971b700c99c2e8748289994c812aa75a7feb88779a1b0184e","2024-06-04T08:00:00.000","1","DRIVER",,"1747311",,"CHEVROLET","TRAIL BLAZER","IL","2023","UNKNOWN","PASSENGER","PERSONAL","W","STRAIGHT AHEAD",,,"1",,,,,,,,,,,,,,,,,"Y","UNKNOWN",,,,,,,,,,,,,,,,,,,,,,,,,,,,,,,,,
"1834310","d84224bd70dcdf03d87672fd64bf4333d7988ee05140615395bf476358d05e3e0a9906881e0b95d971b700c99c2e8748289994c812aa75a7feb88779a1b0184e","2024-06-04T08:00:00.000","2","DRIVER",,"1747307",,"TOYOTA","RAV4","IL","2015","NONE","PASSENGER","PERSONAL","W","SLOW/STOP IN TRAFFIC",,,"1",,,,,,,,,"Y","Y","Y",,,,,,,"REAR",,,,,,,,,,,,,,,,,,,,,,,,,,,,,,,,,
"1834332","7a768aab08a97f75c4f0e7da62847df862041050a2a466f9f5ec6ea73fbb961b3bbfe6becc5633de8e741829cfc7b5c319b7c48b7f2e7224cc02ecdfbcca3e77","2024-06-04T07:59:00.000","1","DRIVER",,"1747318",,"JEEP","WRANGLER",,,"NONE","PASSENGER","PERSONAL","E","PASSING/OVERTAKING",,,"1",,,,,,,,,,,,,,,,,"Y","UNKNOWN",,,,,,,,,,,,,,,,,,,,,,,,,,,,,,,,,
"1834333","7a768aab08a97f75c4f0e7da62847df862041050a2a466f9f5ec6ea73fbb961b3bbfe6becc5633de8e741829cfc7b5c319b7c48b7f2e7224cc02ecdfbcca3e77","2024-06-04T07:59:00.000","2","DRIVER",,"1747324","N","INTENATIONAL INDUSTRIES, INC.","INTENATIONAL INDUSTRIES, INC.","IL","2023","NONE","TRUCK - SINGLE UNIT","COMMERCIAL - SINGLE UNIT","E","STRAIGHT AHEAD",,,"1",,,,"Y",,,,,,,,,,,,,,"FRONT-RIGHT-CORNER",,,,,,,,,,,,,,,,,,,,,,,,,,,,,,,,,
"1834315","1f2612dd14039e96e6e6184b531c90e95771815f41546eb7f16d6a22a207b5752249a72de14a13887f437f5c0e192124fb18ff6de553712312d2a9c780cb1715","2024-06-04T07:45:00.000","1","DRIVER","2","1747309",,"TOYOTA","COROLLA","IL","2002","NONE","PASSENGER","PERSONAL","E","TURNING RIGHT",,,"3",,,,,"Y",,,,,,,,,,"Y","Y",,"FRONT",,,,,,,,,,,,,,,,,,,,,,,,,,,,,,,,,
"1834316","1f2612dd14039e96e6e6184b531c90e95771815f41546eb7f16d6a22a207b5752249a72de14a13887f437f5c0e192124fb18ff6de553712312d2a9c780cb1715","2024-06-04T07:45:00.000","2",,,,,,,,,,,,,,,,,,,,,,,,,,,,,,,,,,,,,,,,,,,,,,,,,,,,,,,,,,,,,,,,,,,